date,expiry_id,is_quarterly,dte,post,dte_post,btc_dvol,dvol_change,vix,sp500_ret,btc_ret,dxy_ret,dy10,vvix,move,btc_realized_vol,fomc_dummy,cpi_dummy,gdp_dummy,quarterly_post,quarterly_dte_post,pre_event_baseline,abnormal_dvol
2022-01-07 00:00:00,2022-01,0,-14,0,0,73.86,0.6700000000000017,18.76,-0.40584367372055774,-2.915716337104368,-0.6259165712394387,0.040899999999999936,113.86,74.69,,0,0,0,0,0,73.17357142857144,0.6864285714285643
2022-01-10 00:00:00,2022-01,0,-13,0,0,74.1,0.23999999999999488,19.4,-0.14421248375173315,-1.3940945714214061,0.2837621224913951,-0.0017000000000000348,113.02,78.12,,0,0,0,0,0,73.17357142857144,0.9264285714285592
2022-01-11 00:00:00,2022-01,0,-12,0,0,75.37,1.2700000000000102,18.41,0.9118332112991406,2.269698972259335,-0.3830602497350474,-0.024599999999999955,111.61,77.85,2.567325666221121,0,1,0,0,0,73.17357142857144,2.1964285714285694
2022-01-12 00:00:00,2022-01,0,-11,0,0,71.81,-3.5600000000000023,17.62,0.28137340560308904,2.5591733871931295,-0.7442080333174468,0.007099999999999884,113.94,74.55,2.959262263241664,0,1,0,0,0,73.17357142857144,-1.3635714285714329
2022-01-13 00:00:00,2022-01,0,-10,0,0,67.51,-4.299999999999997,20.31,-1.4345962458906216,-2.2286612958776426,-0.13178357775549113,-0.03869999999999996,123.44,72.57,2.9332115004723645,0,1,0,0,0,73.17357142857144,-5.66357142857143
2022-01-14 00:00:00,2022-01,0,-9,0,0,65.13,-2.3800000000000097,19.19,0.08195772127140057,1.1447793971256568,0.39483086747970986,0.08000000000000007,117.57,76.59,2.2083707035913327,0,0,0,0,0,73.17357142857144,-8.04357142857144
2022-01-18 00:00:00,2022-01,0,-8,0,0,67.27,2.1400000000000006,22.79,-1.8559054584436703,1.5480131194733382,0.4963620851166105,0.08939999999999992,127.95,84.63,2.261323489190143,0,0,0,0,0,73.17357142857144,-5.903571428571439
2022-01-19 00:00:00,2022-01,0,-7,0,0,65.96,-1.3100000000000023,23.85,-0.9736769104655738,-1.595384448916495,-0.23216667857219442,-0.008899999999999908,129.85,80.14,2.00438754247238,0,0,0,0,0,73.17357142857144,-7.213571428571441
2022-01-20 00:00:00,2022-01,0,-6,0,0,65.24,-0.7199999999999989,25.59,-1.1098789654240206,-0.9571301538698719,0.2353003778522176,-0.06059999999999999,135.6,80.96,1.9477829302508889,0,0,0,0,0,73.17357142857144,-7.93357142857144
2022-01-21 00:00:00,2022-01,0,-5,0,0,77.8,12.560000000000002,28.85,-1.9095986358635348,-11.894136993107052,-0.09719037012872637,-0.04590000000000005,149.5,81.03,4.85649345268809,0,0,0,0,0,73.17357142857144,4.626428571428562
2022-01-24 00:00:00,2022-01,0,-4,0,0,78.59,0.7900000000000063,29.9,0.2767918007616829,4.056055674187612,0.28816056690746195,0.012499999999999956,154.38,83.77,5.098706402105754,0,0,0,0,0,73.17357142857144,5.416428571428568
2022-01-25 00:00:00,2022-01,0,-3,0,0,81.26,2.6700000000000017,31.16,-1.2246661962160472,-0.6773391945225404,0.03127182538278173,-0.0017000000000000348,150.8,84.57,5.091310480868674,1,0,0,0,0,73.17357142857144,8.08642857142857
2022-01-26 00:00:00,2022-01,0,-2,0,0,80.39,-0.8700000000000045,31.96,-0.14977525030699157,-0.6116302489146616,0.5508625032319995,0.0948,148.55,85.75,4.999143369094194,1,0,1,0,0,73.17357142857144,7.216428571428565
2022-01-27 00:00:00,2022-01,0,-1,0,0,80.14,-0.25,30.49,-0.5398540617999041,-0.4348393228321238,0.8021391979551716,-0.0642999999999998,141.14,85.62,4.855235220953064,1,0,1,0,0,73.17357142857144,6.966428571428565
2022-01-28 00:00:00,2022-01,0,0,1,0,74.77,-5.3700000000000045,27.66,2.4055891707799004,4.348928508604775,0.015422182269361588,-0.030000000000000027,132.44,85.29,5.374860446796307,0,0,1,0,0,73.17357142857144,1.5964285714285609
2022-01-31 00:00:00,2022-01,0,1,1,1,70.99,-3.780000000000001,24.83,1.8709891511396817,1.7940365861802758,-0.7533186649002074,0.007299999999999862,125.06,85.14,5.468179618758921,0,0,0,0,0,73.17357142857144,-2.1835714285714403
2022-02-01 00:00:00,2022-01,0,2,1,2,71.81,0.8200000000000074,21.96,0.6839508503304335,0.9733977721147372,-0.16068423827921924,0.010800000000000143,117.99,85.22,2.1524813516330648,0,0,0,0,0,73.17357142857144,-1.3635714285714329
2022-02-02 00:00:00,2022-01,0,3,1,3,75.0,3.1899999999999977,22.09,0.9378434574517934,-4.9564505202048466,-0.46692853694222086,-0.012400000000000189,119.61,84.85,2.8472339540299942,0,0,0,0,0,73.17357142857144,1.8264285714285649
2022-02-03 00:00:00,2022-01,0,4,1,4,74.14,-0.8599999999999994,24.35,-2.469348416817584,0.07482932700618523,-0.582287404329213,0.055500000000000105,125.11,85.74,2.828801710753483,0,0,0,0,0,73.17357142857144,0.9664285714285654
2022-02-04 00:00:00,2022-01,0,5,1,5,70.14,-4.0,23.22,0.5143713090857854,9.497102618367133,0.11107386505369138,0.07790000000000008,124.89,87.68,4.468473528585714,0,0,0,0,0,73.17357142857144,-3.0335714285714346
2022-02-07 00:00:00,2022-01,0,6,1,6,69.18,-0.9599999999999937,22.86,-0.3708654800609762,5.633225395160708,-0.09010708683683892,0.007399999999999851,124.13,87.44,4.591686110639423,0,0,0,0,0,73.17357142857144,-3.9935714285714283
2022-02-08 00:00:00,2022-01,0,7,1,7,70.27,1.0899999999999892,21.44,0.8366130962778838,0.28781982689486757,0.2554413507768567,0.04730000000000012,118.86,82.72,4.572819049733339,0,0,0,0,0,73.17357142857144,-2.903571428571439
2022-02-09 00:00:00,2022-01,0,8,1,8,69.81,-0.45999999999999375,19.96,1.441281239835631,0.6027453673555577,-0.155909143893664,-0.021700000000000053,119.32,81.76,4.599534299924011,0,1,0,0,0,73.17357142857144,-3.363571428571433
2022-02-10 00:00:00,2022-01,0,9,1,9,70.81,1.0,23.91,-1.8281803510329602,-1.633791629816644,0.06176490798144926,0.08789999999999987,129.1,88.52,4.77332637756579,0,1,0,0,0,73.17357142857144,-2.363571428571433
2022-02-11 00:00:00,2022-01,0,10,1,10,72.34,1.5300000000000011,27.36,-1.9151696234065794,-2.810434629694344,0.5520926174100812,-0.09229999999999983,141.17,94.03,4.350360841400375,0,1,0,0,0,73.17357142857144,-0.8335714285714317
2022-02-14 00:00:00,2022-01,0,11,1,11,72.16,-0.18000000000000682,28.33,-0.3847942065319174,0.04794160733139234,0.3034462153015212,0.0504,140.59,102.28,4.352009910825872,0,0,0,0,0,73.17357142857144,-1.0135714285714386
2022-02-15 00:00:00,2022-01,0,12,1,12,70.59,-1.5699999999999932,25.7,1.5643739212372925,4.0589393973856795,-0.4002854125440049,0.05590000000000006,129.05,94.0,2.993243285947713,0,0,0,0,0,73.17357142857144,-2.5835714285714317
2022-02-16 00:00:00,2022-01,0,13,1,13,68.07,-2.5200000000000102,24.29,0.08808327792157024,0.21275490330602143,-0.30048538442223893,-0.0052000000000003155,122.58,92.74,2.139029975882634,0,0,0,0,0,73.17357142857144,-5.103571428571442
2022-02-17 00:00:00,2022-01,0,14,1,14,71.54,3.470000000000013,28.11,-2.140050300402348,-8.007886308476902,0.10339372517060288,-0.07669999999999977,134.49,96.17,3.73006623279138,0,0,0,0,0,73.17357142857144,-1.633571428571429
2022-02-04 00:00:00,2022-02,0,-14,0,0,70.14,-4.0,23.22,0.5143713090857854,9.497102618367133,0.11107386505369138,0.07790000000000008,124.89,87.68,4.468473528585714,0,0,0,0,0,71.61571428571429,-1.4757142857142895
2022-02-07 00:00:00,2022-02,0,-13,0,0,69.18,-0.9599999999999937,22.86,-0.3708654800609762,5.633225395160708,-0.09010708683683892,0.007399999999999851,124.13,87.44,4.591686110639423,0,0,0,0,0,71.61571428571429,-2.4357142857142833
2022-02-08 00:00:00,2022-02,0,-12,0,0,70.27,1.0899999999999892,21.44,0.8366130962778838,0.28781982689486757,0.2554413507768567,0.04730000000000012,118.86,82.72,4.572819049733339,0,0,0,0,0,71.61571428571429,-1.345714285714294
2022-02-09 00:00:00,2022-02,0,-11,0,0,69.81,-0.45999999999999375,19.96,1.441281239835631,0.6027453673555577,-0.155909143893664,-0.021700000000000053,119.32,81.76,4.599534299924011,0,1,0,0,0,71.61571428571429,-1.8057142857142878
2022-02-10 00:00:00,2022-02,0,-10,0,0,70.81,1.0,23.91,-1.8281803510329602,-1.633791629816644,0.06176490798144926,0.08789999999999987,129.1,88.52,4.77332637756579,0,1,0,0,0,71.61571428571429,-0.8057142857142878
2022-02-11 00:00:00,2022-02,0,-9,0,0,72.34,1.5300000000000011,27.36,-1.9151696234065794,-2.810434629694344,0.5520926174100812,-0.09229999999999983,141.17,94.03,4.350360841400375,0,1,0,0,0,71.61571428571429,0.7242857142857133
2022-02-14 00:00:00,2022-02,0,-8,0,0,72.16,-0.18000000000000682,28.33,-0.3847942065319174,0.04794160733139234,0.3034462153015212,0.0504,140.59,102.28,4.352009910825872,0,0,0,0,0,71.61571428571429,0.5442857142857065
2022-02-15 00:00:00,2022-02,0,-7,0,0,70.59,-1.5699999999999932,25.7,1.5643739212372925,4.0589393973856795,-0.4002854125440049,0.05590000000000006,129.05,94.0,2.993243285947713,0,0,0,0,0,71.61571428571429,-1.0257142857142867
2022-02-16 00:00:00,2022-02,0,-6,0,0,68.07,-2.5200000000000102,24.29,0.08808327792157024,0.21275490330602143,-0.30048538442223893,-0.0052000000000003155,122.58,92.74,2.139029975882634,0,0,0,0,0,71.61571428571429,-3.545714285714297
2022-02-17 00:00:00,2022-02,0,-5,0,0,71.54,3.470000000000013,28.11,-2.140050300402348,-8.007886308476902,0.10339372517060288,-0.07669999999999977,134.49,96.17,3.73006623279138,0,0,0,0,0,71.61571428571429,-0.07571428571428385
2022-02-18 00:00:00,2022-02,0,-4,0,0,68.83,-2.710000000000008,27.75,-0.7192042117620436,-1.7542067890092758,0.25333228729631,-0.03289999999999993,133.64,94.36,3.659008688046155,0,0,0,0,0,71.61571428571429,-2.785714285714292
2022-02-22 00:00:00,2022-02,0,-3,0,0,75.22,6.390000000000001,28.81,-1.0194654042815754,2.1806514272325237,-0.0551787336426197,0.010399999999999965,130.69,95.54,3.896844381068709,0,0,0,0,0,71.61571428571429,3.6042857142857088
2022-02-23 00:00:00,2022-02,0,-2,0,0,73.78,-1.4399999999999977,31.02,-1.858379019433392,-0.9278541033080028,0.17168279325556554,0.052200000000000024,131.24,95.15,3.804264787440494,0,0,1,0,0,71.61571428571429,2.164285714285711
2022-02-24 00:00:00,2022-02,0,-1,0,0,79.88,6.099999999999994,30.32,1.484605971153555,2.2946446047633966,0.9796951014904508,-0.027900000000000036,128.5,100.75,3.959503097471058,0,0,1,0,0,71.61571428571429,8.264285714285705
2022-02-25 00:00:00,2022-02,0,0,1,0,71.44,-8.439999999999998,27.59,2.212614836475683,1.4973903799724564,-0.5388344512464928,-0.0016000000000000458,117.76,93.34,3.5933693939586013,0,0,1,0,0,71.61571428571429,-0.17571428571429237
2022-02-28 00:00:00,2022-02,0,1,1,1,77.47,6.030000000000001,30.15,-0.2445600339325641,10.680177139932194,0.09517800037773916,-0.13670000000000004,123.64,100.4,5.617145069557237,0,0,0,0,0,71.61571428571429,5.854285714285709
2022-03-01 00:00:00,2022-02,0,2,1,2,76.99,-0.480000000000004,33.32,-1.5594426756135318,5.249909781161234,0.7232820172969542,-0.09749999999999992,132.8,118.26,4.184339108393553,0,0,0,0,0,71.61571428571429,5.374285714285705
2022-03-02 00:00:00,2022-02,0,3,1,3,73.8,-3.1899999999999977,30.74,1.847098344898933,0.43295424335534455,-0.02464141618472772,0.1492,124.92,110.28,3.86151750958248,0,0,0,0,0,71.61571428571429,2.184285714285707
2022-03-03 00:00:00,2022-02,0,4,1,4,73.7,-0.09999999999999432,30.48,-0.5268565551901082,-4.627356286829622,0.40989963627491366,-0.03620000000000001,122.36,115.18,4.850175743972871,0,0,0,0,0,71.61571428571429,2.0842857142857127
2022-03-04 00:00:00,2022-02,0,5,1,5,79.28,5.579999999999998,31.98,-0.7965657901416315,-6.636986156021997,0.8786767523616941,-0.10980000000000012,127.85,131.82,5.823695925401178,0,0,0,0,0,71.61571428571429,7.664285714285711
2022-03-07 00:00:00,2022-02,0,6,1,6,80.7,1.4200000000000017,36.45,-2.9962522550535007,-3.0981775323269005,0.6517116543938076,0.04270000000000018,133.66,140.03,6.019000014502966,0,0,0,0,0,71.61571428571429,9.084285714285713
2022-03-08 00:00:00,2022-02,0,7,1,7,80.93,0.23000000000000398,35.13,-0.7260127998095253,1.7475409614228528,-0.2329158371917439,0.07219999999999982,139.71,133.37,6.026648430939558,0,0,0,0,0,71.61571428571429,9.314285714285717
2022-03-09 00:00:00,2022-02,0,8,1,8,81.01,0.0799999999999983,32.45,2.537367234563523,8.431117208937701,-1.1105022004651288,0.10750000000000015,130.86,110.9,5.425654388468567,0,1,0,0,0,71.61571428571429,9.394285714285715
2022-03-10 00:00:00,2022-02,0,9,1,9,80.13,-0.8800000000000097,30.23,-0.4301081899390585,-6.315009727627976,0.5486716907224479,0.033299999999999885,125.47,105.31,5.3973833070213155,0,1,0,0,0,71.61571428571429,8.514285714285705
2022-03-11 00:00:00,2022-02,0,10,1,10,79.73,-0.3999999999999915,30.75,-1.3046288284512193,-1.200285798030855,0.6243979988918501,0.005300000000000082,125.58,99.03,5.338000384954867,0,1,0,0,0,71.61571428571429,8.114285714285714
2022-03-14 00:00:00,2022-02,0,11,1,11,82.43,2.700000000000003,31.77,-0.7448628397104685,0.09768427573055595,-0.12618425582683976,0.14129999999999998,126.26,105.08,5.198832767917937,0,0,0,0,0,71.61571428571429,10.814285714285717
2022-03-15 00:00:00,2022-02,0,12,1,12,81.98,-0.45000000000000284,29.83,2.1182551140656725,1.8337119185742143,0.09894193521804769,0.010699999999999932,122.18,101.03,4.62075843725468,1,0,0,0,0,71.61571428571429,10.364285714285714
2022-03-16 00:00:00,2022-02,0,13,1,13,81.79,-0.18999999999999773,26.67,2.2136998842954765,4.503547797286369,-0.4845367697409858,0.0411999999999999,115.1,100.57,4.6059030489176624,1,0,0,0,0,71.61571428571429,10.174285714285716
2022-03-17 00:00:00,2022-02,0,14,1,14,75.18,-6.609999999999999,25.67,1.2272191404503483,-1.3032830733734757,-0.6551663380016229,-0.01429999999999998,109.25,91.76,4.699853267639281,1,0,0,0,0,71.61571428571429,3.5642857142857167
2022-03-07 00:00:00,2022-03,1,-14,0,0,80.7,1.4200000000000017,36.45,-2.9962522550535007,-3.0981775323269005,0.6517116543938076,0.04270000000000018,133.66,140.03,6.019000014502966,0,0,0,0,0,76.61928571428572,4.080714285714279
2022-03-08 00:00:00,2022-03,1,-13,0,0,80.93,0.23000000000000398,35.13,-0.7260127998095253,1.7475409614228528,-0.2329158371917439,0.07219999999999982,139.71,133.37,6.026648430939558,0,0,0,0,0,76.61928571428572,4.310714285714283
2022-03-09 00:00:00,2022-03,1,-12,0,0,81.01,0.0799999999999983,32.45,2.537367234563523,8.431117208937701,-1.1105022004651288,0.10750000000000015,130.86,110.9,5.425654388468567,0,1,0,0,0,76.61928571428572,4.390714285714282
2022-03-10 00:00:00,2022-03,1,-11,0,0,80.13,-0.8800000000000097,30.23,-0.4301081899390585,-6.315009727627976,0.5486716907224479,0.033299999999999885,125.47,105.31,5.3973833070213155,0,1,0,0,0,76.61928571428572,3.510714285714272
2022-03-11 00:00:00,2022-03,1,-10,0,0,79.73,-0.3999999999999915,30.75,-1.3046288284512193,-1.200285798030855,0.6243979988918501,0.005300000000000082,125.58,99.03,5.338000384954867,0,1,0,0,0,76.61928571428572,3.1107142857142804
2022-03-14 00:00:00,2022-03,1,-9,0,0,82.43,2.700000000000003,31.77,-0.7448628397104685,0.09768427573055595,-0.12618425582683976,0.14129999999999998,126.26,105.08,5.198832767917937,0,0,0,0,0,76.61928571428572,5.810714285714283
2022-03-15 00:00:00,2022-03,1,-8,0,0,81.98,-0.45000000000000284,29.83,2.1182551140656725,1.8337119185742143,0.09894193521804769,0.010699999999999932,122.18,101.03,4.62075843725468,1,0,0,0,0,76.61928571428572,5.36071428571428
2022-03-16 00:00:00,2022-03,1,-7,0,0,81.79,-0.18999999999999773,26.67,2.2136998842954765,4.503547797286369,-0.4845367697409858,0.0411999999999999,115.1,100.57,4.6059030489176624,1,0,0,0,0,76.61928571428572,5.170714285714283
2022-03-17 00:00:00,2022-03,1,-6,0,0,75.18,-6.609999999999999,25.67,1.2272191404503483,-1.3032830733734757,-0.6551663380016229,-0.01429999999999998,109.25,91.76,4.699853267639281,1,0,0,0,0,76.61928571428572,-1.4392857142857167
2022-03-18 00:00:00,2022-03,1,-5,0,0,70.75,-4.430000000000007,23.87,1.1594770446318643,2.5009408422372488,0.2640070440251519,-0.021199999999999886,106.74,91.77,3.486289916261847,0,0,0,0,0,76.61928571428572,-5.8692857142857235
2022-03-21 00:00:00,2022-03,1,-4,0,0,71.8,1.0499999999999972,23.53,-0.043476799985616855,-0.4151627227739686,0.26940356148957145,0.1402000000000001,108.96,101.94,2.1620968834142618,0,0,0,0,0,76.61928571428572,-4.819285714285726
2022-03-22 00:00:00,2022-03,1,-3,0,0,71.19,-0.6099999999999994,22.94,1.1240769260246017,3.5095678672565196,-0.005076374048648963,0.09289999999999976,108.22,105.38,2.1470243167033796,0,0,0,0,0,76.61928571428572,-5.429285714285726
2022-03-23 00:00:00,2022-03,1,-2,0,0,69.58,-1.6099999999999994,23.57,-1.234871315104348,-0.5593671623700506,0.13088807895550925,-0.09079999999999977,108.77,105.72,2.2328504276801753,0,0,0,0,0,76.61928571428572,-7.039285714285725
2022-03-24 00:00:00,2022-03,1,-1,0,0,65.47,-4.109999999999999,21.67,1.4242030309045384,3.5408176535352727,0.16919020706739496,0.08009999999999984,106.05,113.14,2.37208541814245,0,0,0,0,0,76.61928571428572,-11.149285714285725
2022-03-25 00:00:00,2022-03,1,0,1,0,62.41,-3.0600000000000023,20.81,0.5053402374178504,1.541985361465869,0.0,0.10130000000000017,109.21,125.27,2.023561996215485,0,0,0,1,0,76.61928571428572,-14.209285714285727
2022-03-28 00:00:00,2022-03,1,1,1,1,63.04,0.6300000000000026,19.63,0.7119559648821333,3.94721146361327,0.30523573324733194,-0.014600000000000168,108.29,129.28,1.8836142075683677,0,0,0,1,1,76.61928571428572,-13.579285714285724
2022-03-29 00:00:00,2022-03,1,2,1,2,62.04,-1.0,18.9,1.2182027285255537,-1.008454305821844,-0.6957166217084272,-0.06409999999999982,104.35,117.92,2.1754169398556167,0,0,1,1,2,76.61928571428572,-14.579285714285724
2022-03-30 00:00:00,2022-03,1,3,1,3,62.44,0.3999999999999986,19.33,-0.6313610350948985,-0.44114102786427356,-0.6238679534505717,-0.04559999999999986,107.41,112.98,2.1792635258612862,0,0,1,1,3,76.61928571428572,-14.179285714285726
2022-03-31 00:00:00,2022-03,1,4,1,4,64.11,1.6700000000000017,20.56,-1.5776327279397289,-3.245301555263707,0.5303320878295518,-0.010800000000000143,111.45,106.88,2.5985711813756516,0,0,1,1,4,76.61928571428572,-12.509285714285724
2022-04-01 00:00:00,2022-03,1,5,1,5,59.54,-4.57,19.63,0.3404485526057287,0.8723499937060054,0.32496575839555897,0.04420000000000002,112.22,108.34,2.5536310498974744,0,0,0,1,5,76.61928571428572,-17.079285714285724
2022-04-04 00:00:00,2022-03,1,6,1,6,60.54,1.0,18.57,0.805832262263298,-0.16369043408129275,0.37240975683382227,0.01289999999999969,107.11,108.37,2.2422777022183595,0,0,0,1,6,76.61928571428572,-16.079285714285724
2022-04-05 00:00:00,2022-03,1,7,1,7,62.88,2.3400000000000034,21.03,-1.2631155137050305,-0.960663490306531,0.4756347392391775,0.15180000000000016,116.27,116.37,2.1943845388699823,0,0,0,1,7,76.61928571428572,-13.739285714285721
2022-04-06 00:00:00,2022-03,1,8,1,8,66.05,3.1699999999999946,22.1,-0.9764386222700547,-4.420805461633413,0.12759268525255654,0.0506000000000002,114.84,123.92,1.8466852102419473,0,0,0,1,8,76.61928571428572,-10.569285714285726
2022-04-07 00:00:00,2022-03,1,9,1,9,61.74,-4.309999999999995,21.55,0.4244352439511796,-0.7046698249626648,0.1524956402871761,0.0602999999999998,113.33,122.67,1.8592538317424832,0,0,0,1,9,76.61928571428572,-14.879285714285722
2022-04-08 00:00:00,2022-03,1,10,1,10,62.19,0.44999999999999574,21.16,-0.2654507487977465,-1.7628044084348644,0.04510215714876033,0.04220000000000024,112.14,124.86,1.8249009023306484,0,0,0,1,10,76.61928571428572,-14.429285714285726
2022-04-11 00:00:00,2022-03,1,11,1,11,68.28,6.090000000000003,24.37,-1.7021333762949848,-7.907253447694044,0.13618523293607165,0.08009999999999984,117.35,129.87,3.0286402364042884,0,1,0,1,11,76.61928571428572,-8.339285714285722
2022-04-12 00:00:00,2022-03,1,12,1,12,65.22,-3.0600000000000023,24.26,-0.34233936348681704,-0.7870734397068714,0.35959763857609583,-0.058800000000000185,117.26,117.79,2.809707084549946,0,1,0,1,12,76.61928571428572,-11.399285714285725
2022-04-13 00:00:00,2022-03,1,13,1,13,63.61,-1.6099999999999994,21.82,1.1112682823133002,4.259759780294572,-0.41665269825494256,-0.02259999999999973,113.76,116.33,3.737315945160201,0,1,0,1,13,76.61928571428572,-13.009285714285724
2022-04-14 00:00:00,2022-03,1,14,1,14,62.1,-1.509999999999998,22.7,-1.2218479951525796,-3.2985190197486176,0.44556408505638634,0.12880000000000003,114.75,119.66,3.7589196782207974,0,0,0,1,14,76.61928571428572,-14.519285714285722
2022-04-08 00:00:00,2022-04,0,-14,0,0,62.19,0.44999999999999574,21.16,-0.2654507487977465,-1.7628044084348644,0.04510215714876033,0.04220000000000024,112.14,124.86,1.8249009023306484,0,0,0,0,0,63.89928571428572,-1.7092857142857198
2022-04-11 00:00:00,2022-04,0,-13,0,0,68.28,6.090000000000003,24.37,-1.7021333762949848,-7.907253447694044,0.13618523293607165,0.08009999999999984,117.35,129.87,3.0286402364042884,0,1,0,0,0,63.89928571428572,4.380714285714284
2022-04-12 00:00:00,2022-04,0,-12,0,0,65.22,-3.0600000000000023,24.26,-0.34233936348681704,-0.7870734397068714,0.35959763857609583,-0.058800000000000185,117.26,117.79,2.809707084549946,0,1,0,0,0,63.89928571428572,1.3207142857142813
2022-04-13 00:00:00,2022-04,0,-11,0,0,63.61,-1.6099999999999994,21.82,1.1112682823133002,4.259759780294572,-0.41665269825494256,-0.02259999999999973,113.76,116.33,3.737315945160201,0,1,0,0,0,63.89928571428572,-0.28928571428571814
2022-04-14 00:00:00,2022-04,0,-10,0,0,62.1,-1.509999999999998,22.7,-1.2218479951525796,-3.2985190197486176,0.44556408505638634,0.12880000000000003,114.75,119.66,3.7589196782207974,0,0,0,0,0,63.89928571428572,-1.7992857142857162
2022-04-18 00:00:00,2022-04,0,-9,0,0,63.47,1.3699999999999974,22.17,-0.020491150171664793,0.9897450374711468,0.2792118307784074,0.02519999999999989,110.9,122.32,3.7557441084462915,0,0,0,0,0,63.89928571428572,-0.4292857142857187
2022-04-19 00:00:00,2022-04,0,-8,0,0,62.46,-1.009999999999998,21.37,1.5930040161497565,1.5230696863659383,0.17844578497719651,0.08340000000000014,106.06,122.74,3.907483123122631,0,0,0,0,0,63.89928571428572,-1.4392857142857167
2022-04-20 00:00:00,2022-04,0,-7,0,0,62.19,-0.2700000000000031,20.32,-0.06187189576933424,0.32126729989178215,-0.5671702953251282,-0.1041000000000003,103.03,125.12,3.918840519330123,0,0,0,0,0,63.89928571428572,-1.7092857142857198
2022-04-21 00:00:00,2022-04,0,-6,0,0,63.51,1.3200000000000003,22.68,-1.4862847316476122,-1.987578812358822,0.187094517376053,0.07750000000000012,110.93,130.69,2.4782204765749003,0,0,0,0,0,63.89928571428572,-0.38928571428571956
2022-04-22 00:00:00,2022-04,0,-5,0,0,61.12,-2.3900000000000006,28.21,-2.813199052103028,-2.47814312590787,0.6362819908736002,-0.010800000000000143,122.37,128.12,2.6600685511316704,0,0,0,0,0,63.89928571428572,-2.77928571428572
2022-04-25 00:00:00,2022-04,0,-4,0,0,65.57,4.449999999999996,27.02,0.5681687572860795,1.6820032865663421,0.5242114363251414,-0.07889999999999997,116.98,131.63,2.069474909634713,0,0,0,0,0,63.89928571428572,1.6707142857142756
2022-04-26 00:00:00,2022-04,0,-3,0,0,66.78,1.210000000000008,33.52,-2.855002843027312,-5.269174092223924,0.5400517891609569,-0.09929999999999994,127.5,129.27,2.5883291810582945,0,0,0,0,0,63.89928571428572,2.8807142857142836
2022-04-27 00:00:00,2022-04,0,-2,0,0,65.09,-1.6899999999999977,31.6,0.20959051404105172,2.5468274636268626,0.6343288490746191,0.11129999999999995,123.71,130.11,2.8189481715602653,0,0,1,0,0,63.89928571428572,1.1907142857142858
2022-04-28 00:00:00,2022-04,0,-1,0,0,63.0,-2.0900000000000034,29.99,2.444564600458133,1.9807676285755895,0.6477026375783902,-0.009399999999999853,119.75,128.74,2.878988028439565,0,0,1,0,0,63.89928571428572,-0.8992857142857176
2022-04-29 00:00:00,2022-04,0,0,1,0,60.54,-2.460000000000001,33.4,-3.6959202326858716,-3.3890858337760816,-0.6428462176330872,0.11120000000000019,121.98,128.4,3.048246838593127,0,0,1,0,0,63.89928571428572,-3.3592857142857184
2022-05-02 00:00:00,2022-04,0,1,1,1,62.42,1.8800000000000026,32.34,0.565927003737552,-0.020435154016580966,0.7595475382218855,0.04709999999999992,124.48,135.17,3.03134074782615,0,0,0,0,0,63.89928571428572,-1.4792857142857159
2022-05-03 00:00:00,2022-04,0,2,1,2,64.92,2.5,29.25,0.4825441551572873,-1.3866429924718335,-0.2692934849418776,-0.009500000000000064,117.55,126.46,2.952072210089156,1,0,0,0,0,63.89928571428572,1.0207142857142841
2022-05-04 00:00:00,2022-04,0,3,1,3,60.58,-4.340000000000003,25.42,2.9425235047606604,5.1967769047125,-0.8522172207983766,-0.036799999999999944,106.62,121.99,3.6187692946134336,1,0,0,0,0,63.89928571428572,-3.3192857142857193
2022-05-05 00:00:00,2022-04,0,4,1,4,63.13,2.5500000000000043,31.2,-3.6300723991250603,-8.776860114533427,1.129221697763192,0.10210000000000008,119.18,122.72,4.57789281585809,1,0,0,0,0,63.89928571428572,-0.769285714285715
2022-05-06 00:00:00,2022-04,0,5,1,5,62.19,-0.9400000000000048,30.19,-0.5690318260649576,-1.0443021059254598,-0.08871232718798204,0.08999999999999986,116.78,121.42,4.369509451682794,0,0,0,0,0,63.89928571428572,-1.7092857142857198
2022-05-09 00:00:00,2022-04,0,6,1,6,84.91,22.72,34.75,-3.256155498687775,-10.028410126333439,-0.00868260729595561,-0.09270000000000023,125.93,125.22,5.245172504136656,0,0,0,0,0,63.89928571428572,21.01071428571428
2022-05-10 00:00:00,2022-04,0,7,1,7,81.61,-3.299999999999997,32.99,0.24548671098168665,0.13405396734733468,0.25918856737430895,-0.042999999999999705,120.98,126.76,5.344894802450235,0,1,0,0,0,63.89928571428572,17.710714285714282
2022-05-11 00:00:00,2022-04,0,8,1,8,101.25,19.64,32.56,-1.6600202520523653,-8.752695061981987,-0.07123398739846001,-0.07010000000000005,125.89,118.05,5.735701551677705,0,1,0,0,0,63.89928571428572,37.35071428571428
2022-05-12 00:00:00,2022-04,0,9,1,9,114.58,13.329999999999998,31.77,-0.12968422441889949,0.5038551263212099,0.9631262248518507,-0.07279999999999998,122.11,118.73,5.895323403551876,0,1,0,0,0,63.89928571428572,50.68071428571428
2022-05-13 00:00:00,2022-04,0,10,1,10,99.66,-14.920000000000002,28.87,2.3589314531626497,4.164399927125566,-0.2750534172218598,0.07059999999999977,113.89,114.61,5.656808155334174,0,0,0,0,0,63.89928571428572,35.76071428571428
2022-05-16 00:00:00,2022-04,0,11,1,11,96.37,-3.289999999999992,27.47,-0.3954237650276509,-3.6454965496027216,-0.36023991053541093,-0.03629999999999978,108.26,117.95,5.1540420689254995,0,0,0,0,0,63.89928571428572,32.47071428571429
2022-05-17 00:00:00,2022-04,0,12,1,12,91.46,-4.910000000000011,26.1,1.9968898134440816,0.5636278383281149,-0.7969321425013615,0.10380000000000011,101.2,119.46,5.272873522972618,0,0,0,0,0,63.89928571428572,27.560714285714276
2022-05-18 00:00:00,2022-04,0,13,1,13,100.59,9.13000000000001,30.96,-4.123376798543937,-2.941695684722424,0.434426517086228,-0.10200000000000031,114.96,114.86,4.128624651685704,0,0,0,0,0,63.89928571428572,36.690714285714286
2022-05-19 00:00:00,2022-04,0,14,1,14,91.11,-9.480000000000004,29.35,-0.5850892213605512,3.4500132991298886,-1.051652521170777,-0.04699999999999971,104.89,115.05,4.509925388621494,0,0,0,0,0,63.89928571428572,27.210714285714282
2022-05-09 00:00:00,2022-05,0,-14,0,0,84.91,22.72,34.75,-3.256155498687775,-10.028410126333439,-0.00868260729595561,-0.09270000000000023,125.93,125.22,5.245172504136656,0,0,0,0,0,91.365,-6.454999999999998
2022-05-10 00:00:00,2022-05,0,-13,0,0,81.61,-3.299999999999997,32.99,0.24548671098168665,0.13405396734733468,0.25918856737430895,-0.042999999999999705,120.98,126.76,5.344894802450235,0,1,0,0,0,91.365,-9.754999999999995
2022-05-11 00:00:00,2022-05,0,-12,0,0,101.25,19.64,32.56,-1.6600202520523653,-8.752695061981987,-0.07123398739846001,-0.07010000000000005,125.89,118.05,5.735701551677705,0,1,0,0,0,91.365,9.885000000000005
2022-05-12 00:00:00,2022-05,0,-11,0,0,114.58,13.329999999999998,31.77,-0.12968422441889949,0.5038551263212099,0.9631262248518507,-0.07279999999999998,122.11,118.73,5.895323403551876,0,1,0,0,0,91.365,23.215000000000003
2022-05-13 00:00:00,2022-05,0,-10,0,0,99.66,-14.920000000000002,28.87,2.3589314531626497,4.164399927125566,-0.2750534172218598,0.07059999999999977,113.89,114.61,5.656808155334174,0,0,0,0,0,91.365,8.295000000000002
2022-05-16 00:00:00,2022-05,0,-9,0,0,96.37,-3.289999999999992,27.47,-0.3954237650276509,-3.6454965496027216,-0.36023991053541093,-0.03629999999999978,108.26,117.95,5.1540420689254995,0,0,0,0,0,91.365,5.00500000000001
2022-05-17 00:00:00,2022-05,0,-8,0,0,91.46,-4.910000000000011,26.1,1.9968898134440816,0.5636278383281149,-0.7969321425013615,0.10380000000000011,101.2,119.46,5.272873522972618,0,0,0,0,0,91.365,0.09499999999999886
2022-05-18 00:00:00,2022-05,0,-7,0,0,100.59,9.13000000000001,30.96,-4.123376798543937,-2.941695684722424,0.434426517086228,-0.10200000000000031,114.96,114.86,4.128624651685704,0,0,0,0,0,91.365,9.225000000000009
2022-05-19 00:00:00,2022-05,0,-6,0,0,91.11,-9.480000000000004,29.35,-0.5850892213605512,3.4500132991298886,-1.051652521170777,-0.04699999999999971,104.89,115.05,4.509925388621494,0,0,0,0,0,91.365,-0.25499999999999545
2022-05-20 00:00:00,2022-05,0,-5,0,0,88.56,-2.549999999999997,29.43,0.014611357151915558,-3.7543873474056575,0.41384595238145905,-0.05590000000000028,107.8,111.1,3.3030667770206503,0,0,0,0,0,91.365,-2.8049999999999926
2022-05-23 00:00:00,2022-05,0,-4,0,0,82.54,-6.019999999999996,28.48,1.8385022946529015,-2.004135462484264,-1.0466605641509583,0.07030000000000003,102.68,110.19,3.345054526241378,0,0,0,0,0,91.365,-8.824999999999989
2022-05-24 00:00:00,2022-05,0,-3,0,0,82.27,-0.27000000000001023,29.45,-0.8153945948249348,0.42125678329736416,-0.21477650422964092,-0.1008,104.29,111.15,2.6929779207044136,0,0,0,0,0,91.365,-9.094999999999999
2022-05-25 00:00:00,2022-05,0,-2,0,0,82.57,0.29999999999999716,28.37,0.9406385602538605,1.101851669938659,0.19518134025339887,-0.005399999999999849,98.79,105.69,2.547800075972619,0,0,1,0,0,91.365,-8.795000000000002
2022-05-26 00:00:00,2022-05,0,-1,0,0,81.63,-0.9399999999999977,27.5,1.9688139439344956,-1.1043994038568619,-0.2226746389350768,0.0017000000000000348,96.25,102.49,2.5147768619996476,0,0,1,0,0,91.365,-9.735
2022-05-27 00:00:00,2022-05,0,0,1,0,84.72,3.0900000000000034,25.72,2.4441095491293146,-2.436748553513229,-0.1582333239235392,-0.009100000000000108,93.66,98.48,2.4457243092575496,0,0,1,0,0,91.365,-6.644999999999996
2022-05-31 00:00:00,2022-05,0,1,1,1,73.06,-11.659999999999997,26.19,-0.6294055196399692,1.6830642879710767,0.08258775417805553,0.10630000000000006,93.1,107.12,2.0078710253541536,0,0,0,0,0,91.365,-18.304999999999993
2022-06-01 00:00:00,2022-05,0,2,1,2,74.75,1.6899999999999977,25.69,-0.7510923912143033,-7.059350586660078,0.730480604379225,0.06170000000000009,91.39,109.38,2.961248219691678,0,0,0,0,0,91.365,-16.614999999999995
2022-06-02 00:00:00,2022-05,0,3,1,3,73.43,-1.3199999999999932,24.72,1.8263262738202752,2.0171189290218114,-0.6597453477653961,0.0017999999999998018,91.08,99.27,3.192550152221888,0,0,0,0,0,91.365,-17.934999999999988
2022-06-03 00:00:00,2022-05,0,4,1,4,71.33,-2.1000000000000085,24.79,-1.6482457202400496,-1.9533682436690027,0.3098588504176182,0.025599999999999845,90.5,97.73,3.171189499669471,0,0,0,0,0,91.365,-20.034999999999997
2022-06-06 00:00:00,2022-05,0,5,1,5,68.51,-2.819999999999993,25.07,0.3132456264123724,4.932394792536686,0.2903554247623039,0.10670000000000002,89.53,102.26,3.8695578698544915,0,0,0,0,0,91.365,-22.85499999999999
2022-06-07 00:00:00,2022-05,0,6,1,6,71.51,3.0,24.02,0.9478331934066118,-0.34382958199055486,-0.11623649082887878,-0.06630000000000003,87.82,102.61,3.862401446025669,0,0,0,0,0,91.365,-19.85499999999999
2022-06-08 00:00:00,2022-05,0,7,1,7,71.7,0.18999999999999773,23.96,-1.0852585537420805,-3.7430126074489034,0.21868601900874995,0.047900000000000276,92.68,105.29,4.003287616932724,0,0,0,0,0,91.365,-19.664999999999992
2022-06-09 00:00:00,2022-05,0,8,1,8,72.57,0.8699999999999903,26.09,-2.4086469933734813,-0.06108605086348863,0.6619225684165075,0.020299999999999763,98.82,105.29,3.88733608055637,0,1,0,0,0,91.365,-18.795
2022-06-10 00:00:00,2022-05,0,9,1,9,72.55,-0.01999999999999602,27.75,-2.954242533536117,-3.3166877592018027,0.8921268017023096,0.11370000000000013,99.75,114.23,3.06797891982546,0,1,0,0,0,91.365,-18.814999999999998
2022-06-13 00:00:00,2022-05,0,10,1,10,106.0,33.45,34.02,-3.953987319895819,-16.399616944624487,0.8889967068474357,0.20429999999999993,113.72,139.21,6.581679019470689,0,0,0,0,0,91.365,14.635000000000005
2022-06-14 00:00:00,2022-05,0,11,1,11,103.09,-2.9099999999999966,32.69,-0.3780844063995452,-5.505331436373448,0.4178622958009079,0.11350000000000016,111.01,144.09,6.6257878630332785,1,0,0,0,0,91.365,11.725000000000009
2022-06-15 00:00:00,2022-05,0,12,1,12,89.15,-13.939999999999998,29.62,1.4487056184644878,-1.4956247681782286,-0.3417573434033064,-0.1894,105.37,135.93,5.635175882538392,1,0,0,0,0,91.365,-2.214999999999989
2022-06-16 00:00:00,2022-05,0,13,1,13,119.65,30.5,32.95,-3.3052215017083935,-4.552327654659693,-1.462746817765718,-0.08870000000000022,114.36,138.1,5.34623442799257,1,0,0,0,0,91.365,28.28500000000001
2022-06-17 00:00:00,2022-05,0,14,1,14,108.67,-10.980000000000004,31.13,0.21984287507105163,-0.22610762377456486,1.0262605011589945,0.030400000000000205,110.06,133.75,5.642258173671604,0,0,0,0,0,91.365,17.305000000000007
2022-06-03 00:00:00,2022-06,1,-14,0,0,71.33,-2.1000000000000085,24.79,-1.6482457202400496,-1.9533682436690027,0.3098588504176182,0.025599999999999845,90.5,97.73,3.171189499669471,0,0,0,0,0,88.85071428571429,-17.52071428571429
2022-06-06 00:00:00,2022-06,1,-13,0,0,68.51,-2.819999999999993,25.07,0.3132456264123724,4.932394792536686,0.2903554247623039,0.10670000000000002,89.53,102.26,3.8695578698544915,0,0,0,0,0,88.85071428571429,-20.340714285714284
2022-06-07 00:00:00,2022-06,1,-12,0,0,71.51,3.0,24.02,0.9478331934066118,-0.34382958199055486,-0.11623649082887878,-0.06630000000000003,87.82,102.61,3.862401446025669,0,0,0,0,0,88.85071428571429,-17.340714285714284
2022-06-08 00:00:00,2022-06,1,-11,0,0,71.7,0.18999999999999773,23.96,-1.0852585537420805,-3.7430126074489034,0.21868601900874995,0.047900000000000276,92.68,105.29,4.003287616932724,0,0,0,0,0,88.85071428571429,-17.150714285714287
2022-06-09 00:00:00,2022-06,1,-10,0,0,72.57,0.8699999999999903,26.09,-2.4086469933734813,-0.06108605086348863,0.6619225684165075,0.020299999999999763,98.82,105.29,3.88733608055637,0,1,0,0,0,88.85071428571429,-16.280714285714296
2022-06-10 00:00:00,2022-06,1,-9,0,0,72.55,-0.01999999999999602,27.75,-2.954242533536117,-3.3166877592018027,0.8921268017023096,0.11370000000000013,99.75,114.23,3.06797891982546,0,1,0,0,0,88.85071428571429,-16.300714285714292
2022-06-13 00:00:00,2022-06,1,-8,0,0,106.0,33.45,34.02,-3.953987319895819,-16.399616944624487,0.8889967068474357,0.20429999999999993,113.72,139.21,6.581679019470689,0,0,0,0,0,88.85071428571429,17.14928571428571
2022-06-14 00:00:00,2022-06,1,-7,0,0,103.09,-2.9099999999999966,32.69,-0.3780844063995452,-5.505331436373448,0.4178622958009079,0.11350000000000016,111.01,144.09,6.6257878630332785,1,0,0,0,0,88.85071428571429,14.239285714285714
2022-06-15 00:00:00,2022-06,1,-6,0,0,89.15,-13.939999999999998,29.62,1.4487056184644878,-1.4956247681782286,-0.3417573434033064,-0.1894,105.37,135.93,5.635175882538392,1,0,0,0,0,88.85071428571429,0.29928571428571615
2022-06-16 00:00:00,2022-06,1,-5,0,0,119.65,30.5,32.95,-3.3052215017083935,-4.552327654659693,-1.462746817765718,-0.08870000000000022,114.36,138.1,5.34623442799257,1,0,0,0,0,88.85071428571429,30.799285714285716
2022-06-17 00:00:00,2022-06,1,-4,0,0,108.67,-10.980000000000004,31.13,0.21984287507105163,-0.22610762377456486,1.0262605011589945,0.030400000000000205,110.06,133.75,5.642258173671604,0,0,0,0,0,88.85071428571429,19.819285714285712
2022-06-21 00:00:00,2022-06,1,-3,0,0,97.96,-10.710000000000008,30.19,2.418248850178457,1.9931023206570617,-0.25342495692107564,0.04930000000000012,104.37,138.91,5.956752439720881,0,0,0,0,0,88.85071428571429,9.109285714285704
2022-06-22 00:00:00,2022-06,1,-2,0,0,99.76,1.8000000000000114,28.95,-0.13023811491289689,-4.8240730114051456,-0.22815301894246773,-0.11880000000000024,99.66,129.94,5.946116906941459,0,0,0,0,0,88.85071428571429,10.909285714285716
2022-06-23 00:00:00,2022-06,1,-1,0,0,91.46,-8.300000000000011,29.05,0.94870490606574,4.617173884592962,0.22432281201507112,-0.06909999999999972,98.31,125.98,3.8213556163964153,0,0,0,0,0,88.85071428571429,2.609285714285704
2022-06-24 00:00:00,2022-06,1,0,1,0,90.66,-0.7999999999999972,27.23,3.0105537080807645,1.850683608826463,-0.2358401215842867,0.043099999999999916,91.34,127.0,3.512018433369611,0,0,0,1,0,88.85071428571429,1.809285714285707
2022-06-27 00:00:00,2022-06,1,1,1,1,89.09,-1.5699999999999932,26.95,-0.2977529930125207,-2.3348817899195082,-0.23639764233041577,0.06959999999999988,87.58,133.22,3.570421003627772,0,0,0,1,1,88.85071428571429,0.23928571428571388
2022-06-28 00:00:00,2022-06,1,2,1,2,87.5,-1.5900000000000034,28.36,-2.0348658383248717,-3.1643356728182908,0.5440297425698021,-0.028200000000000003,90.62,135.22,3.3386673387928276,0,0,1,1,2,88.85071428571429,-1.3507142857142895
2022-06-29 00:00:00,2022-06,1,3,1,3,91.37,3.8700000000000045,28.16,-0.07120065009618694,-0.24699947902613403,0.5724878716017286,-0.0823999999999998,88.92,130.43,3.3386013345647743,0,0,1,1,3,88.85071428571429,2.519285714285715
2022-06-30 00:00:00,2022-06,1,4,1,4,94.14,2.769999999999996,28.71,-0.8797814830608449,-7.53752906493723,-0.40135236033501137,-0.07620000000000005,89.39,135.5,4.10283483511349,0,0,1,1,4,88.85071428571429,5.289285714285711
2022-07-01 00:00:00,2022-06,1,5,1,5,92.97,-1.1700000000000017,26.7,1.0498459915641862,3.542193056933545,0.4317931817112354,-0.13260000000000005,85.51,144.17,4.244594421494048,0,0,0,1,5,88.85071428571429,4.119285714285709
2022-07-05 00:00:00,2022-06,1,6,1,6,86.08,-6.890000000000001,27.54,0.15829235665797978,3.4123857733394463,1.3199796702992679,-0.07489999999999997,87.3,156.16,4.022671691264354,0,0,0,1,6,88.85071428571429,-2.7707142857142912
2022-07-06 00:00:00,2022-06,1,7,1,7,82.25,-3.8299999999999983,26.73,0.3566747349581468,-0.3019479958282738,0.5252058826266977,0.12259999999999982,85.88,151.14,3.880314796208621,0,0,0,1,7,88.85071428571429,-6.6007142857142895
2022-07-07 00:00:00,2022-06,1,8,1,8,81.35,-0.9000000000000057,26.08,1.485371347119902,5.862898179023656,0.031742179087015154,0.0665,85.88,149.71,4.56789512581283,0,0,0,1,8,88.85071428571429,-7.500714285714295
2022-07-08 00:00:00,2022-06,1,9,1,9,78.39,-2.9599999999999937,24.64,-0.08305563153684295,1.0859089276479743,-0.11487973916444146,0.08579999999999988,84.74,145.25,4.318121329462977,0,0,0,1,9,88.85071428571429,-10.460714285714289
2022-07-11 00:00:00,2022-06,1,10,1,10,80.52,2.1299999999999955,26.17,-1.159442997810581,-2.722725913693973,0.9431399783971127,-0.08749999999999991,88.05,147.72,4.517894951311388,0,0,0,1,10,88.85071428571429,-8.330714285714294
2022-07-12 00:00:00,2022-06,1,11,1,11,85.86,5.340000000000003,27.29,-0.9286899019016758,-4.8500929516399145,0.047201900058679774,-0.024099999999999788,90.06,148.11,3.776684100840992,0,1,0,1,11,88.85071428571429,-2.99071428571429
2022-07-13 00:00:00,2022-06,1,12,1,12,80.89,-4.969999999999999,26.82,-0.4466859031662644,1.093250862037157,-0.10646719733273363,-0.03509999999999991,90.49,136.1,3.5960527945483927,0,1,0,1,12,88.85071428571429,-7.960714285714289
2022-07-14 00:00:00,2022-06,1,13,1,13,81.35,0.45999999999999375,26.4,-0.30031001895847553,5.014920584077748,0.5422621035330394,0.02589999999999959,90.73,137.76,3.853326177886832,0,1,0,1,13,88.85071428571429,-7.500714285714295
2022-07-15 00:00:00,2022-06,1,14,1,14,78.7,-2.6499999999999915,24.23,1.9019223492515371,1.2434508441161043,-0.444123034458276,-0.044299999999999784,89.37,129.85,3.8278450577348826,0,0,0,1,14,88.85071428571429,-10.150714285714287
2022-07-11 00:00:00,2022-07,0,-14,0,0,80.52,2.1299999999999955,26.17,-1.159442997810581,-2.722725913693973,0.9431399783971127,-0.08749999999999991,88.05,147.72,4.517894951311388,0,0,0,0,0,81.45571428571428,-0.9357142857142833
2022-07-12 00:00:00,2022-07,0,-13,0,0,85.86,5.340000000000003,27.29,-0.9286899019016758,-4.8500929516399145,0.047201900058679774,-0.024099999999999788,90.06,148.11,3.776684100840992,0,1,0,0,0,81.45571428571428,4.40428571428572
2022-07-13 00:00:00,2022-07,0,-12,0,0,80.89,-4.969999999999999,26.82,-0.4466859031662644,1.093250862037157,-0.10646719733273363,-0.03509999999999991,90.49,136.1,3.5960527945483927,0,1,0,0,0,81.45571428571428,-0.5657142857142787
2022-07-14 00:00:00,2022-07,0,-11,0,0,81.35,0.45999999999999375,26.4,-0.30031001895847553,5.014920584077748,0.5422621035330394,0.02589999999999959,90.73,137.76,3.853326177886832,0,1,0,0,0,81.45571428571428,-0.10571428571428498
2022-07-15 00:00:00,2022-07,0,-10,0,0,78.7,-2.6499999999999915,24.23,1.9019223492515371,1.2434508441161043,-0.444123034458276,-0.044299999999999784,89.37,129.85,3.8278450577348826,0,0,0,0,0,81.45571428571428,-2.7557142857142765
2022-07-18 00:00:00,2022-07,0,-9,0,0,83.39,4.689999999999998,25.3,-0.8398790728860633,2.628199615886585,-0.6470831986819566,0.07030000000000003,91.86,127.69,3.2957332575321976,0,0,0,0,0,81.45571428571428,1.9342857142857213
2022-07-19 00:00:00,2022-07,0,-8,0,0,82.9,-0.4899999999999949,24.5,2.7253558019802915,8.116224241383186,-0.6391111603359421,0.0354000000000001,88.61,124.7,4.392952769167487,0,0,0,0,0,81.45571428571428,1.4442857142857264
2022-07-20 00:00:00,2022-07,0,-7,0,0,83.99,1.0899999999999892,23.88,0.587850371833506,-0.20011676931207795,0.36864159113932293,0.005599999999999827,86.75,122.9,4.080877490709138,0,0,0,0,0,81.45571428571428,2.5342857142857156
2022-07-21 00:00:00,2022-07,0,-6,0,0,82.38,-1.6099999999999994,23.11,0.9813054238448902,-0.5788468579378419,-0.1551503680606111,-0.15180000000000016,85.04,121.15,3.1146493394628374,0,0,0,0,0,81.45571428571428,0.9242857142857162
2022-07-22 00:00:00,2022-07,0,-5,0,0,84.28,1.9000000000000057,23.03,-0.937626992342271,-2.2677918747725605,-0.16850780995348938,-0.12429999999999986,84.53,123.7,3.5863092172874755,0,0,0,0,0,81.45571428571428,2.824285714285722
2022-07-25 00:00:00,2022-07,0,-4,0,0,81.35,-2.930000000000007,23.36,0.13142512363463166,-2.4585152666944756,-0.23169329308718786,0.045500000000000096,83.82,128.27,3.648870517796032,0,0,0,0,0,81.45571428571428,-0.10571428571428498
2022-07-26 00:00:00,2022-07,0,-3,0,0,81.39,0.04000000000000625,24.69,-1.161033289574997,-5.497835757354612,0.660828343643593,0.01089999999999991,84.83,128.55,4.369581508384437,1,0,0,0,0,81.45571428571428,-0.06571428571427873
2022-07-27 00:00:00,2022-07,0,-2,0,0,76.49,-4.900000000000006,23.24,2.582003453356371,8.22636667971397,-0.6899452104987565,-0.02190000000000003,81.77,117.28,5.342624509476745,1,0,1,0,0,81.45571428571428,-4.965714285714284
2022-07-28 00:00:00,2022-07,0,-1,0,0,76.89,0.4000000000000057,22.33,1.2060363275690102,5.335756836348613,-0.09492348095074345,-0.10899999999999999,80.88,119.93,4.778360698379184,1,0,1,0,0,81.45571428571428,-4.565714285714279
2022-07-29 00:00:00,2022-07,0,0,1,0,75.03,-1.8599999999999994,21.33,1.4107749538291978,-0.34093537586559014,-0.42213636989314157,-0.027200000000000113,80.29,116.36,4.781434623519742,0,0,1,0,0,81.45571428571428,-6.425714285714278
2022-08-01 00:00:00,2022-07,0,1,1,1,77.69,2.6599999999999966,22.84,-0.28270386343187,-2.8899418921739546,-0.4286673893227704,-0.0754999999999999,86.34,120.5,4.9332738862852175,0,0,0,0,0,81.45571428571428,-3.7657142857142816
2022-08-02 00:00:00,2022-07,0,2,1,2,77.79,0.10000000000000853,23.93,-0.6684702509967414,-0.4309046964696299,0.7473191409643724,0.17510000000000003,88.47,129.23,4.8395542789792385,0,0,0,0,0,81.45571428571428,-3.665714285714273
2022-08-03 00:00:00,2022-07,0,3,1,3,75.87,-1.9200000000000017,21.95,1.5517460750035557,1.2831967091366727,0.249122325629436,-0.04369999999999985,84.6,122.04,4.691334355730482,0,0,0,0,0,81.45571428571428,-5.585714285714275
2022-08-04 00:00:00,2022-07,0,4,1,4,73.67,-2.200000000000003,21.44,-0.07776471390832698,-3.549623476330155,-0.7662656073075839,-0.016300000000000203,83.69,120.57,4.295700833248551,0,0,0,0,0,81.45571428571428,-7.785714285714278
2022-08-05 00:00:00,2022-07,0,5,1,5,71.85,-1.8200000000000074,21.15,-0.16270689959386672,2.0737938705075902,0.8741824936343305,0.13850000000000007,84.13,122.58,3.037475392860076,0,0,0,0,0,81.45571428571428,-9.605714285714285
2022-08-08 00:00:00,2022-07,0,6,1,6,75.17,3.3200000000000074,21.29,-0.12383454103545306,3.4063017384113117,-0.17460202693478136,-0.06959999999999988,86.95,124.12,2.5421423581651865,0,0,0,0,0,81.45571428571428,-6.285714285714278
2022-08-09 00:00:00,2022-07,0,7,1,7,74.67,-0.5,21.77,-0.42577821983481123,-3.9293679073135968,-0.05732840403429561,0.020099999999999785,87.49,125.12,2.938243147744118,0,1,0,0,0,81.45571428571428,-6.785714285714278
2022-08-10 00:00:00,2022-07,0,8,1,8,70.87,-3.799999999999997,19.74,2.1067154907856915,3.2313270620577157,-1.1135909377262658,0.0036000000000000476,90.04,115.26,3.044014658290171,0,1,0,0,0,81.45571428571428,-10.585714285714275
2022-08-11 00:00:00,2022-07,0,9,1,9,71.48,0.6099999999999994,20.2,-0.07056718966173459,1.2940002116051872,-0.10081508895306009,0.10670000000000002,90.84,111.11,3.0450082807783043,0,1,0,0,0,81.45571428571428,-9.975714285714275
2022-08-12 00:00:00,2022-07,0,10,1,10,70.27,-1.210000000000008,19.53,1.717407440983608,0.10103795891192649,0.51347629202327,-0.056400000000000006,91.01,106.28,3.0299384856076665,0,0,0,0,0,81.45571428571428,-11.185714285714283
2022-08-15 00:00:00,2022-07,0,11,1,11,70.2,-0.06999999999999318,19.95,0.3961629423932771,-1.0281346706431829,0.8624927981670125,-0.043400000000000105,88.73,113.82,2.6057382036434418,0,0,0,0,0,81.45571428571428,-11.255714285714276
2022-08-16 00:00:00,2022-07,0,12,1,12,71.55,1.3499999999999943,19.69,0.18739092755182557,-0.374506009419651,-0.04318316299281547,0.016300000000000203,88.05,116.83,2.5600886249529764,0,0,0,0,0,81.45571428571428,-9.905714285714282
2022-08-17 00:00:00,2022-07,0,13,1,13,75.32,3.769999999999996,19.9,-0.726407864047862,-2.433556356237157,0.06945943942028147,0.09269999999999978,87.47,117.7,2.3550572440727273,0,0,0,0,0,81.45571428571428,-6.135714285714286
2022-08-18 00:00:00,2022-07,0,14,1,14,74.82,-0.5,19.56,0.2266944033161183,0.03997936161446452,0.8502419737375996,-0.014599999999999724,86.46,120.26,1.786466767022041,0,0,0,0,0,81.45571428571428,-6.635714285714286
2022-08-08 00:00:00,2022-08,0,-14,0,0,75.17,3.3200000000000074,21.29,-0.12383454103545306,3.4063017384113117,-0.17460202693478136,-0.06959999999999988,86.95,124.12,2.5421423581651865,0,0,0,0,0,74.50999999999999,0.6600000000000108
2022-08-09 00:00:00,2022-08,0,-13,0,0,74.67,-0.5,21.77,-0.42577821983481123,-3.9293679073135968,-0.05732840403429561,0.020099999999999785,87.49,125.12,2.938243147744118,0,1,0,0,0,74.50999999999999,0.1600000000000108
2022-08-10 00:00:00,2022-08,0,-12,0,0,70.87,-3.799999999999997,19.74,2.1067154907856915,3.2313270620577157,-1.1135909377262658,0.0036000000000000476,90.04,115.26,3.044014658290171,0,1,0,0,0,74.50999999999999,-3.6399999999999864
2022-08-11 00:00:00,2022-08,0,-11,0,0,71.48,0.6099999999999994,20.2,-0.07056718966173459,1.2940002116051872,-0.10081508895306009,0.10670000000000002,90.84,111.11,3.0450082807783043,0,1,0,0,0,74.50999999999999,-3.029999999999987
2022-08-12 00:00:00,2022-08,0,-10,0,0,70.27,-1.210000000000008,19.53,1.717407440983608,0.10103795891192649,0.51347629202327,-0.056400000000000006,91.01,106.28,3.0299384856076665,0,0,0,0,0,74.50999999999999,-4.239999999999995
2022-08-15 00:00:00,2022-08,0,-9,0,0,70.2,-0.06999999999999318,19.95,0.3961629423932771,-1.0281346706431829,0.8624927981670125,-0.043400000000000105,88.73,113.82,2.6057382036434418,0,0,0,0,0,74.50999999999999,-4.309999999999988
2022-08-16 00:00:00,2022-08,0,-8,0,0,71.55,1.3499999999999943,19.69,0.18739092755182557,-0.374506009419651,-0.04318316299281547,0.016300000000000203,88.05,116.83,2.5600886249529764,0,0,0,0,0,74.50999999999999,-2.9599999999999937
2022-08-17 00:00:00,2022-08,0,-7,0,0,75.32,3.769999999999996,19.9,-0.726407864047862,-2.433556356237157,0.06945943942028147,0.09269999999999978,87.47,117.7,2.3550572440727273,0,0,0,0,0,74.50999999999999,0.8100000000000023
2022-08-18 00:00:00,2022-08,0,-6,0,0,74.82,-0.5,19.56,0.2266944033161183,0.03997936161446452,0.8502419737375996,-0.014599999999999724,86.46,120.26,1.786466767022041,0,0,0,0,0,74.50999999999999,0.3100000000000023
2022-08-19 00:00:00,2022-08,0,-5,0,0,81.24,6.420000000000002,20.6,-1.2983869381359623,-9.594941355213829,0.6352819611002123,0.08990000000000009,89.77,123.81,3.6585635741540297,0,0,0,0,0,74.50999999999999,6.730000000000004
2022-08-22 00:00:00,2022-08,0,-4,0,0,80.35,-0.8900000000000006,23.8,-2.1632427725287453,-1.643741423917161,0.8074992661009655,0.04249999999999998,94.75,135.89,3.4165301382744415,0,0,0,0,0,74.50999999999999,5.840000000000003
2022-08-23 00:00:00,2022-08,0,-3,0,0,77.78,-2.569999999999993,24.11,-0.2240309064050325,1.6588279479547787,-0.3877433993778945,0.03149999999999986,93.34,133.85,3.630374267659863,0,0,0,0,0,74.50999999999999,3.2700000000000102
2022-08-24 00:00:00,2022-08,0,-2,0,0,75.59,-2.1899999999999977,22.82,0.2911907251337381,0.9960592403443128,0.048780264288674845,0.05779999999999985,86.45,133.13,3.7895332272949136,0,0,1,0,0,74.50999999999999,1.0800000000000125
2022-08-25 00:00:00,2022-08,0,-1,0,0,73.83,-1.7600000000000051,21.78,1.3993218645290095,-0.20678044878682308,-0.19065431500517935,-0.07810000000000006,83.32,126.33,3.7992511785758785,0,0,1,0,0,74.50999999999999,-0.6799999999999926
2022-08-26 00:00:00,2022-08,0,0,1,0,72.6,-1.230000000000004,25.56,-3.4268526748985457,-4.7174663936652435,0.30652705189849644,0.015100000000000335,91.66,122.95,3.9769083601094164,0,0,1,0,0,74.50999999999999,-1.9099999999999966
2022-08-29 00:00:00,2022-08,0,1,1,1,73.2,0.6000000000000085,26.21,-0.668872350926395,0.9370575544615986,0.029406629568903435,0.061499999999999666,91.57,130.14,4.064240150542286,0,0,0,0,0,74.50999999999999,-1.309999999999988
2022-08-30 00:00:00,2022-08,0,2,1,2,75.78,2.5799999999999983,26.21,-1.1089367791653617,-1.003065198030894,-0.056983200688993645,0.00010000000000021103,91.11,127.69,2.174292725338245,0,0,0,0,0,74.50999999999999,1.2700000000000102
2022-08-31 00:00:00,2022-08,0,3,1,3,75.04,-0.7399999999999949,25.87,-0.784776025709875,1.0989189963874875,-0.06713477327465679,0.09010000000000007,88.4,124.84,2.195242222178422,0,0,0,0,0,74.50999999999999,0.5300000000000153
2022-09-01 00:00:00,2022-08,0,4,1,4,77.83,2.789999999999992,25.56,0.29917276491103817,-0.6224812435148075,0.9075527855854051,0.060699999999999754,87.74,126.58,2.0412782478518996,0,0,0,0,0,74.50999999999999,3.3200000000000074
2022-09-02 00:00:00,2022-08,0,5,1,5,74.66,-3.1700000000000017,25.47,-1.0794530441166155,-0.5101339591138735,-0.1432318639214855,-0.06389999999999985,89.19,120.72,1.9335235841413658,0,0,0,0,0,74.50999999999999,0.15000000000000568
2022-09-06 00:00:00,2022-08,0,6,1,6,81.46,6.799999999999997,26.91,-0.410344720981454,-3.9448171419596436,0.6188927048178993,0.15980000000000016,94.08,133.54,2.257880334677282,0,0,0,0,0,74.50999999999999,6.950000000000003
2022-09-07 00:00:00,2022-08,0,7,1,7,76.12,-5.339999999999989,24.64,1.8174804228558856,2.130371597036546,-0.3399168932266517,-0.08570000000000011,88.26,133.12,1.9713024715376812,0,0,0,0,0,74.50999999999999,1.6100000000000136
2022-09-08 00:00:00,2022-08,0,8,1,8,75.72,-0.4000000000000057,23.61,0.6589013388980101,-0.038228499063204274,-0.12115858223494878,0.0535000000000001,85.57,124.14,1.9048323688293431,0,0,0,0,0,74.50999999999999,1.210000000000008
2022-09-09 00:00:00,2022-08,0,9,1,9,75.12,-0.5999999999999943,22.79,1.5155971507018435,9.449296664328234,-0.6437770851191748,-0.007300000000000306,84.09,121.54,4.1447749140957075,0,0,0,0,0,74.50999999999999,0.6100000000000136
2022-09-12 00:00:00,2022-08,0,10,1,10,79.15,4.030000000000001,23.87,1.0528639881468727,3.4887330292860916,-0.6193280828698444,0.048100000000000254,84.53,123.07,4.243793624028692,0,1,0,0,0,74.50999999999999,4.640000000000015
2022-09-13 00:00:00,2022-08,0,11,1,11,81.07,1.9199999999999875,27.27,-4.419911011958206,-10.180793893417738,1.361500780923969,0.0501999999999998,93.89,128.87,6.129825563646512,0,1,0,0,0,74.50999999999999,6.560000000000002
2022-09-14 00:00:00,2022-08,0,12,1,12,78.19,-2.8799999999999955,26.16,0.3381271704881856,-1.4632933832747357,-0.1430700147902573,-0.0036999999999998145,93.58,125.35,6.155041117908267,0,1,0,0,0,74.50999999999999,3.680000000000007
2022-09-15 00:00:00,2022-08,0,13,1,13,76.05,-2.1400000000000006,26.27,-1.1382294724738606,-0.4718233164880032,0.0738387522894171,0.04459999999999997,92.61,124.07,5.927331388679257,0,0,0,0,0,74.50999999999999,1.5400000000000063
2022-09-16 00:00:00,2022-08,0,14,1,14,70.57,-5.480000000000004,26.3,-0.7208044914246866,-0.5121772977416355,0.02277873205203826,0.0004999999999997229,92.42,124.95,5.883962876556252,0,0,0,0,0,74.50999999999999,-3.9399999999999977
2022-09-12 00:00:00,2022-09,1,-14,0,0,79.15,4.030000000000001,23.87,1.0528639881468727,3.4887330292860916,-0.6193280828698444,0.048100000000000254,84.53,123.07,4.243793624028692,0,1,0,0,0,76.24071428571428,2.90928571428573
2022-09-13 00:00:00,2022-09,1,-13,0,0,81.07,1.9199999999999875,27.27,-4.419911011958206,-10.180793893417738,1.361500780923969,0.0501999999999998,93.89,128.87,6.129825563646512,0,1,0,0,0,76.24071428571428,4.829285714285717
2022-09-14 00:00:00,2022-09,1,-12,0,0,78.19,-2.8799999999999955,26.16,0.3381271704881856,-1.4632933832747357,-0.1430700147902573,-0.0036999999999998145,93.58,125.35,6.155041117908267,0,1,0,0,0,76.24071428571428,1.9492857142857218
2022-09-15 00:00:00,2022-09,1,-11,0,0,76.05,-2.1400000000000006,26.27,-1.1382294724738606,-0.4718233164880032,0.0738387522894171,0.04459999999999997,92.61,124.07,5.927331388679257,0,0,0,0,0,76.24071428571428,-0.19071428571427873
2022-09-16 00:00:00,2022-09,1,-10,0,0,70.57,-5.480000000000004,26.3,-0.7208044914246866,-0.5121772977416355,0.02277873205203826,0.0004999999999997229,92.42,124.95,5.883962876556252,0,0,0,0,0,76.24071428571428,-5.670714285714283
2022-09-19 00:00:00,2022-09,1,-9,0,0,70.23,-0.3399999999999892,25.76,0.6833745439536254,-1.0175887526549279,-0.024601254788066716,0.041100000000000136,88.99,133.79,5.897727660973235,0,0,0,0,0,76.24071428571428,-6.010714285714272
2022-09-20 00:00:00,2022-09,1,-8,0,0,75.86,5.6299999999999955,27.16,-1.133612455307255,-2.8466832805319138,0.4346409693954333,0.07250000000000023,91.12,134.66,4.151882204198328,1,0,0,0,0,76.24071428571428,-0.38071428571427646
2022-09-21 00:00:00,2022-09,1,-7,0,0,76.7,0.8400000000000034,27.99,-1.7264673789774228,-0.2525544365816501,0.38667602297954695,-0.03310000000000013,92.05,130.54,3.5454569179852715,1,0,0,0,0,76.24071428571428,0.45928571428572695
2022-09-22 00:00:00,2022-09,1,-6,0,0,74.81,-1.8900000000000006,27.35,-0.8463309268931809,1.6832197542255825,0.6405571576888389,0.18389999999999995,89.18,131.93,1.369851713105719,1,0,0,0,0,76.24071428571428,-1.4307142857142736
2022-09-23 00:00:00,2022-09,1,-5,0,0,74.23,-0.5799999999999983,29.92,-1.7382826077567965,-2.077042041798952,1.638015647866602,-0.029199999999999893,101.55,137.28,1.444652610630896,0,0,0,0,0,76.24071428571428,-2.010714285714272
2022-09-26 00:00:00,2022-09,1,-4,0,0,76.71,2.4799999999999898,32.26,-1.0394376865970472,1.102829827788116,0.8016057354410345,0.2397999999999998,109.09,153.61,1.6141856634151837,0,0,0,0,0,76.24071428571428,0.46928571428571786
2022-09-27 00:00:00,2022-09,1,-3,0,0,76.88,0.1700000000000017,32.6,-0.21226109775338642,-0.21300958216824753,0.002629168876060721,0.020700000000000163,113.76,158.12,1.6196142158674773,0,0,0,0,0,76.24071428571428,0.6392857142857196
2022-09-28 00:00:00,2022-09,1,-2,0,0,79.4,2.5200000000000102,30.18,1.9481144387776417,2.5626329541186506,-1.3250601883507989,-0.2139000000000002,105.83,158.99,1.9639747383498505,0,0,1,0,0,76.24071428571428,3.15928571428573
2022-09-29 00:00:00,2022-09,1,-1,0,0,77.52,-1.8800000000000097,31.84,-2.135277627216209,-0.3053032715186817,-0.3113078321977409,0.054400000000000226,108.31,148.14,1.5405416291714333,0,0,1,0,0,76.24071428571428,1.2792857142857201
2022-09-30 00:00:00,2022-09,1,0,1,0,74.06,-3.4599999999999937,31.62,-1.5181392276394086,-0.42642257270020706,-0.1221191838747238,0.042999999999999705,106.19,141.89,1.5533605977828495,0,0,1,1,0,76.24071428571428,-2.1807142857142736
2022-10-03 00:00:00,2022-09,1,1,1,1,70.07,-3.990000000000009,30.1,2.555462879740763,1.8670826692215334,-0.3323479129203276,-0.18989999999999974,103.03,152.94,1.5813115274170948,0,0,0,1,1,76.24071428571428,-6.170714285714283
2022-10-04 00:00:00,2022-09,1,2,1,2,69.87,-0.19999999999998863,29.07,3.012534086530393,3.7251002105997513,-1.5148389398091382,-0.005800000000000249,96.83,151.21,1.612143596609757,0,0,0,1,2,76.24071428571428,-6.370714285714271
2022-10-05 00:00:00,2022-09,1,3,1,3,71.16,1.289999999999992,28.55,-0.20200133350643032,-1.7481023180569366,1.0331221309496923,0.11990000000000034,92.79,152.01,1.9597555819651784,0,0,0,1,3,76.24071428571428,-5.080714285714279
2022-10-06 00:00:00,2022-09,1,4,1,4,68.73,-2.4299999999999926,30.52,-1.0297920383574248,0.3132405397946924,0.9397471895773309,0.07079999999999975,97.73,153.29,1.925088216514121,0,0,0,1,4,76.24071428571428,-7.510714285714272
2022-10-07 00:00:00,2022-09,1,5,1,5,65.99,-2.740000000000009,31.36,-2.8403167167490584,-2.523043262239714,0.4772218269821988,0.057800000000000296,103.37,148.46,2.1229214454267824,0,0,0,1,5,76.24071428571428,-10.250714285714281
2022-10-10 00:00:00,2022-09,1,6,1,6,68.98,2.990000000000009,32.45,-0.752066754461965,-1.2616785871132439,0.30893318778117546,0.0,107.11,,2.1853814748509643,0,0,0,1,6,76.24071428571428,-7.260714285714272
2022-10-11 00:00:00,2022-09,1,7,1,7,70.6,1.6199999999999903,33.63,-0.6540572639369859,-1.1610075969303124,0.06803172130835443,0.06559999999999988,105.26,155.57,2.2260979005835484,0,0,0,1,7,76.24071428571428,-5.640714285714282
2022-10-12 00:00:00,2022-09,1,8,1,8,70.2,-0.3999999999999915,33.57,-0.32961833504644217,0.7873085270482909,0.08740140310334812,-0.05080000000000018,109.19,160.72,2.0998865010163756,0,1,0,1,8,76.24071428571428,-6.040714285714273
2022-10-13 00:00:00,2022-09,1,9,1,9,66.11,-4.090000000000003,31.94,2.563429144689717,1.128539989119561,-0.848097318950815,0.0472999999999999,101.26,155.08,1.3847534950728684,0,1,0,1,9,76.24071428571428,-10.130714285714276
2022-10-14 00:00:00,2022-09,1,10,1,10,62.08,-4.030000000000001,32.02,-2.394716377195182,-1.087441318875781,0.8401548927119357,0.07489999999999997,101.94,152.89,1.317341590041944,0,1,0,1,10,76.24071428571428,-14.160714285714278
2022-10-17 00:00:00,2022-09,1,11,1,11,60.01,-2.0700000000000003,31.37,2.613555691190645,1.0114794041565627,-1.128922573164209,-0.008000000000000007,97.32,150.42,1.415777649698006,0,0,0,1,11,76.24071428571428,-16.230714285714278
2022-10-18 00:00:00,2022-09,1,12,1,12,62.26,2.25,30.5,1.1362760181543907,-0.8312751980857289,0.08118875045045072,-0.0038000000000000256,92.3,145.79,1.1138677488003066,0,0,0,1,12,76.24071428571428,-13.980714285714278
2022-10-19 00:00:00,2022-09,1,13,1,13,60.9,-1.3599999999999994,30.76,-0.6694436704711701,-0.8880838408248205,0.7587303293973358,0.1269,90.69,147.73,1.0623926986468335,0,0,0,1,13,76.24071428571428,-15.340714285714277
2022-10-20 00:00:00,2022-09,1,14,1,14,61.44,0.5399999999999991,29.98,-0.7982718516093059,-0.8689232908850104,-0.09120492961716209,0.09480000000000022,88.35,155.61,1.0209310898664647,0,0,0,1,14,76.24071428571428,-14.800714285714278
2022-10-10 00:00:00,2022-10,0,-14,0,0,68.98,2.990000000000009,32.45,-0.752066754461965,-1.2616785871132439,0.30893318778117546,0.0,107.11,,2.1853814748509643,0,0,0,0,0,64.45571428571428,4.524285714285725
2022-10-11 00:00:00,2022-10,0,-13,0,0,70.6,1.6199999999999903,33.63,-0.6540572639369859,-1.1610075969303124,0.06803172130835443,0.06559999999999988,105.26,155.57,2.2260979005835484,0,0,0,0,0,64.45571428571428,6.144285714285715
2022-10-12 00:00:00,2022-10,0,-12,0,0,70.2,-0.3999999999999915,33.57,-0.32961833504644217,0.7873085270482909,0.08740140310334812,-0.05080000000000018,109.19,160.72,2.0998865010163756,0,1,0,0,0,64.45571428571428,5.7442857142857235
2022-10-13 00:00:00,2022-10,0,-11,0,0,66.11,-4.090000000000003,31.94,2.563429144689717,1.128539989119561,-0.848097318950815,0.0472999999999999,101.26,155.08,1.3847534950728684,0,1,0,0,0,64.45571428571428,1.6542857142857201
2022-10-14 00:00:00,2022-10,0,-10,0,0,62.08,-4.030000000000001,32.02,-2.394716377195182,-1.087441318875781,0.8401548927119357,0.07489999999999997,101.94,152.89,1.317341590041944,0,1,0,0,0,64.45571428571428,-2.375714285714281
2022-10-17 00:00:00,2022-10,0,-9,0,0,60.01,-2.0700000000000003,31.37,2.613555691190645,1.0114794041565627,-1.128922573164209,-0.008000000000000007,97.32,150.42,1.415777649698006,0,0,0,0,0,64.45571428571428,-4.445714285714281
2022-10-18 00:00:00,2022-10,0,-8,0,0,62.26,2.25,30.5,1.1362760181543907,-0.8312751980857289,0.08118875045045072,-0.0038000000000000256,92.3,145.79,1.1138677488003066,0,0,0,0,0,64.45571428571428,-2.1957142857142813
2022-10-19 00:00:00,2022-10,0,-7,0,0,60.9,-1.3599999999999994,30.76,-0.6694436704711701,-0.8880838408248205,0.7587303293973358,0.1269,90.69,147.73,1.0623926986468335,0,0,0,0,0,64.45571428571428,-3.5557142857142807
2022-10-20 00:00:00,2022-10,0,-6,0,0,61.44,0.5399999999999991,29.98,-0.7982718516093059,-0.8689232908850104,-0.09120492961716209,0.09480000000000022,88.35,155.61,1.0209310898664647,0,0,0,0,0,64.45571428571428,-3.0157142857142816
2022-10-21 00:00:00,2022-10,0,-5,0,0,62.19,0.75,29.69,2.344776785243657,0.7924216427334008,-0.7728158057739614,-0.01159999999999961,87.32,156.95,1.0216790652137873,0,0,0,0,0,64.45571428571428,-2.2657142857142816
2022-10-24 00:00:00,2022-10,0,-4,0,0,64.31,2.1200000000000045,29.85,1.1811917059798283,-0.5935752130011849,-0.020535622680996526,0.025699999999999612,86.06,154.02,0.8710443452534935,0,0,0,0,0,64.45571428571428,-0.14571428571427703
2022-10-25 00:00:00,2022-10,0,-3,0,0,65.61,1.2999999999999972,28.46,1.6135765325269211,4.07976626084595,-0.932100280743857,-0.14029999999999987,82.21,147.78,1.8184132655769678,0,0,0,0,0,64.45571428571428,1.1542857142857201
2022-10-26 00:00:00,2022-10,0,-2,0,0,66.28,0.6700000000000017,27.28,-0.7415138056792231,2.7508673111798263,-1.133028209741839,-0.09930000000000039,80.42,140.2,2.0252167884026524,0,0,1,0,0,64.45571428571428,1.8242857142857218
2022-10-27 00:00:00,2022-10,0,-1,0,0,61.41,-4.8700000000000045,27.39,-0.6101172384332341,-1.7149567732899087,0.8053174211441025,-0.08409999999999984,82.51,142.78,2.155181196774237,0,0,1,0,0,64.45571428571428,-3.0457142857142827
2022-10-28 00:00:00,2022-10,0,0,1,0,55.08,-6.329999999999998,25.75,2.4328034575769397,1.1517029562113166,0.14909259603081956,0.0935999999999999,78.12,144.6,2.071185882129256,0,0,1,0,0,64.45571428571428,-9.375714285714281
2022-10-31 00:00:00,2022-10,0,1,1,1,59.63,4.550000000000004,25.88,-0.7482306966126504,-1.3827061866113746,0.6973246599431181,0.035499999999999865,78.86,147.92,2.1478539974067745,0,0,0,0,0,64.45571428571428,-4.825714285714277
2022-11-01 00:00:00,2022-10,0,2,1,2,59.92,0.28999999999999915,25.81,-0.41096940897468526,0.36071895189878167,-0.04125412599763404,-0.005899999999999572,80.24,148.42,2.151830335977517,1,0,0,0,0,64.45571428571428,-4.535714285714278
2022-11-02 00:00:00,2022-10,0,3,1,3,56.41,-3.510000000000005,25.86,-2.53198028276198,-1.4936132104776259,-0.12206835547686197,0.05860000000000021,80.93,141.17,2.263525999287467,1,0,0,0,0,64.45571428571428,-8.045714285714283
2022-11-03 00:00:00,2022-10,0,4,1,4,53.98,-2.4299999999999997,25.3,-1.064240923898342,0.311818336171146,1.4134668497959029,0.04639999999999933,79.17,136.28,1.6434128974511937,1,0,0,0,0,64.45571428571428,-10.475714285714282
2022-11-04 00:00:00,2022-10,0,5,1,5,54.19,0.21000000000000085,24.55,1.3526781457993704,4.334969822540293,-1.8346678937069836,0.011500000000000732,79.24,128.44,2.1243965051963,0,0,0,0,0,64.45571428571428,-10.265714285714282
2022-11-07 00:00:00,2022-10,0,6,1,6,59.48,5.289999999999999,24.35,0.9568061802673562,-2.1289021980761187,-0.685079852410246,0.05509999999999948,79.95,128.33,2.192048963370264,0,0,0,0,0,64.45571428571428,-4.975714285714282
2022-11-08 00:00:00,2022-10,0,7,1,7,76.66,17.18,25.54,0.5582267593980096,-10.090391031831496,-0.44048925407322315,-0.09009999999999962,84.6,126.33,4.377437063925862,0,0,0,0,0,64.45571428571428,12.204285714285717
2022-11-09 00:00:00,2022-10,0,8,1,8,114.72,38.06,26.09,-2.0996774887089926,-17.27979008612553,0.8293073848181055,-0.03110000000000035,90.11,124.4,7.4131427811346615,0,1,0,0,0,64.45571428571428,50.26428571428572
2022-11-10 00:00:00,2022-10,0,9,1,9,93.12,-21.599999999999994,23.53,5.395250428096393,12.397522041202059,-2.142204384186285,-0.2797999999999998,85.78,111.69,9.591350813039819,0,1,0,0,0,64.45571428571428,28.664285714285725
2022-11-11 00:00:00,2022-10,0,10,1,10,102.11,8.989999999999995,22.52,0.919835904482699,-6.078941719596647,-1.784679392595595,0.0,85.89,,9.707466317894198,0,1,0,0,0,64.45571428571428,37.65428571428572
2022-11-14 00:00:00,2022-10,0,11,1,11,98.18,-3.9299999999999926,23.73,-0.8975957665021739,0.1196902120890208,0.3456181358419494,0.041100000000000136,84.57,119.99,9.697971012278087,0,0,0,0,0,64.45571428571428,33.72428571428573
2022-11-15 00:00:00,2022-10,0,12,1,12,89.99,-8.190000000000012,24.54,0.8675381307597811,3.0341083232029535,-0.24030349865858425,-0.08400000000000007,88.31,128.62,9.552626423252153,0,0,0,0,0,64.45571428571428,25.534285714285716
2022-11-16 00:00:00,2022-10,0,13,1,13,98.64,8.650000000000006,24.11,-0.8286297872085079,-2.146655085796196,-0.11566402305062273,-0.07969999999999988,81.38,130.83,9.552402031545451,0,0,0,0,0,64.45571428571428,34.18428571428572
2022-11-17 00:00:00,2022-10,0,14,1,14,76.97,-21.67,23.93,-0.3094109623737159,0.8990122343209277,0.38783943438750673,0.07579999999999965,81.16,132.18,9.05691532781168,0,0,0,0,0,64.45571428571428,12.51428571428572
2022-11-04 00:00:00,2022-11,0,-14,0,0,54.19,0.21000000000000085,24.55,1.3526781457993704,4.334969822540293,-1.8346678937069836,0.011500000000000732,79.24,128.44,2.1243965051963,0,0,0,0,0,83.89714285714285,-29.707142857142856
2022-11-07 00:00:00,2022-11,0,-13,0,0,59.48,5.289999999999999,24.35,0.9568061802673562,-2.1289021980761187,-0.685079852410246,0.05509999999999948,79.95,128.33,2.192048963370264,0,0,0,0,0,83.89714285714285,-24.417142857142856
2022-11-08 00:00:00,2022-11,0,-12,0,0,76.66,17.18,25.54,0.5582267593980096,-10.090391031831496,-0.44048925407322315,-0.09009999999999962,84.6,126.33,4.377437063925862,0,0,0,0,0,83.89714285714285,-7.237142857142857
2022-11-09 00:00:00,2022-11,0,-11,0,0,114.72,38.06,26.09,-2.0996774887089926,-17.27979008612553,0.8293073848181055,-0.03110000000000035,90.11,124.4,7.4131427811346615,0,1,0,0,0,83.89714285714285,30.822857142857146
2022-11-10 00:00:00,2022-11,0,-10,0,0,93.12,-21.599999999999994,23.53,5.395250428096393,12.397522041202059,-2.142204384186285,-0.2797999999999998,85.78,111.69,9.591350813039819,0,1,0,0,0,83.89714285714285,9.222857142857151
2022-11-11 00:00:00,2022-11,0,-9,0,0,102.11,8.989999999999995,22.52,0.919835904482699,-6.078941719596647,-1.784679392595595,0.0,85.89,,9.707466317894198,0,1,0,0,0,83.89714285714285,18.212857142857146
2022-11-14 00:00:00,2022-11,0,-8,0,0,98.18,-3.9299999999999926,23.73,-0.8975957665021739,0.1196902120890208,0.3456181358419494,0.041100000000000136,84.57,119.99,9.697971012278087,0,0,0,0,0,83.89714285714285,14.282857142857154
2022-11-15 00:00:00,2022-11,0,-7,0,0,89.99,-8.190000000000012,24.54,0.8675381307597811,3.0341083232029535,-0.24030349865858425,-0.08400000000000007,88.31,128.62,9.552626423252153,0,0,0,0,0,83.89714285714285,6.092857142857142
2022-11-16 00:00:00,2022-11,0,-6,0,0,98.64,8.650000000000006,24.11,-0.8286297872085079,-2.146655085796196,-0.11566402305062273,-0.07969999999999988,81.38,130.83,9.552402031545451,0,0,0,0,0,83.89714285714285,14.742857142857147
2022-11-17 00:00:00,2022-11,0,-5,0,0,76.97,-21.67,23.93,-0.3094109623737159,0.8990122343209277,0.38783943438750673,0.07579999999999965,81.16,132.18,9.05691532781168,0,0,0,0,0,83.89714285714285,-6.927142857142854
2022-11-18 00:00:00,2022-11,0,-4,0,0,74.71,-2.260000000000005,23.12,0.4747288330235593,-0.2605190481718383,0.22094904693262415,0.06310000000000038,77.68,129.33,5.719778481091696,0,0,0,0,0,83.89714285714285,-9.18714285714286
2022-11-21 00:00:00,2022-11,0,-3,0,0,80.81,6.1000000000000085,22.36,-0.38912128014762937,-3.898091413053431,0.842786633537923,-0.0019000000000000128,77.11,132.13,3.0805028119446605,0,0,0,0,0,83.89714285714285,-3.087142857142851
2022-11-22 00:00:00,2022-11,0,-2,0,0,79.71,-1.1000000000000085,21.29,1.3488571921957369,3.136585529552516,-0.5700829642185764,-0.07100000000000017,77.81,133.53,2.5698889776177,0,0,0,0,0,83.89714285714285,-4.1871428571428595
2022-11-23 00:00:00,2022-11,0,-1,0,0,75.27,-4.439999999999998,20.35,0.5897283130642713,2.0973146775057843,-1.0745633125796477,-0.06320000000000014,81.72,136.2,2.6755715857271882,0,0,0,0,0,83.89714285714285,-8.627142857142857
2022-11-25 00:00:00,2022-11,0,0,1,0,64.89,-10.379999999999995,20.5,-0.0283110944129042,-0.2814720719374075,-0.11035915002207246,-0.015099999999999891,82.5,129.6,2.4140574279111173,0,0,0,0,0,83.89714285714285,-19.007142857142853
2022-11-28 00:00:00,2022-11,0,1,1,1,67.44,2.549999999999997,22.21,-1.5564652905563017,-2.2919508591223905,0.679084626240953,0.0036000000000000476,87.33,131.73,2.435470343258305,0,0,0,0,0,83.89714285714285,-16.457142857142856
2022-11-29 00:00:00,2022-11,0,2,1,2,64.8,-2.6400000000000006,21.89,-0.15931188727940443,1.6187343783912294,0.13208247237630985,0.06289999999999996,85.43,131.23,2.4983452166227793,0,0,1,0,0,83.89714285714285,-19.097142857142856
2022-11-30 00:00:00,2022-11,0,3,1,3,64.05,-0.75,20.58,3.047858758258928,3.836586509972004,-0.8196613107605907,-0.13870000000000005,81.79,127.27,2.874099386995422,0,0,1,0,0,83.89714285714285,-19.847142857142856
2022-12-01 00:00:00,2022-11,0,4,1,4,60.05,-4.0,19.84,-0.08680002702717911,-1.0256753310949889,-1.1600771836510282,-0.10060000000000002,82.19,119.77,2.2649306045137454,0,0,1,0,0,83.89714285714285,-23.847142857142856
2022-12-02 00:00:00,2022-11,0,5,1,5,58.75,-1.2999999999999972,19.06,-0.11953459028422096,0.49863778045683316,-0.17489121544114583,-0.018599999999999728,81.57,118.62,2.0631547837454196,0,0,0,0,0,83.89714285714285,-25.147142857142853
2022-12-05 00:00:00,2022-11,0,6,1,6,56.01,-2.740000000000002,20.75,-1.805628360207544,-0.835224792258917,0.7091349522061656,0.0873999999999997,84.71,126.5,2.014129810627481,0,0,0,0,0,83.89714285714285,-27.887142857142855
2022-12-06 00:00:00,2022-11,0,7,1,7,56.74,0.730000000000004,22.17,-1.4503849921748773,0.13012792644147558,0.2741065988976312,-0.04219999999999979,86.59,129.09,2.0031270922796893,0,0,0,0,0,83.89714285714285,-27.15714285714285
2022-12-07 00:00:00,2022-11,0,8,1,8,61.83,5.089999999999996,22.68,-0.18640849162627043,-0.9676936015629319,-0.45377383515189695,-0.11450000000000005,87.18,131.1,1.769052372996478,0,0,0,0,0,83.89714285714285,-22.067142857142855
2022-12-08 00:00:00,2022-11,0,9,1,9,55.71,-6.119999999999997,22.29,0.7493612090724109,2.078112624947701,-0.3106628378829748,0.06499999999999995,84.9,129.54,1.8265676150973134,0,0,0,0,0,83.89714285714285,-28.187142857142852
2022-12-09 00:00:00,2022-11,0,10,1,10,58.71,3.0,22.83,-0.737668721482345,-0.41291830433790244,0.03435376780103571,0.09640000000000004,87.26,132.79,1.1105429943181653,0,0,0,0,0,83.89714285714285,-25.187142857142852
2022-12-12 00:00:00,2022-11,0,11,1,11,61.15,2.4399999999999977,25.0,1.4178262831053963,0.36397979713905965,0.30580043931358714,0.03299999999999992,91.73,141.93,1.0341423013002353,0,1,0,0,0,83.89714285714285,-22.747142857142855
2022-12-13 00:00:00,2022-11,0,12,1,12,60.66,-0.490000000000002,22.55,0.7263262233261697,3.3444655653112436,-1.1008618619652077,-0.11010000000000009,88.74,135.08,1.6073444623884074,1,1,0,0,0,83.89714285714285,-23.237142857142857
2022-12-14 00:00:00,2022-11,0,13,1,13,55.19,-5.469999999999999,21.14,-0.6071158028413108,0.3759392361060311,-0.20216613383827278,-0.023800000000000043,88.35,120.26,1.49748901792122,1,1,0,0,0,83.89714285714285,-28.707142857142856
2022-12-15 00:00:00,2022-11,0,14,1,14,57.74,2.5500000000000043,22.83,-2.5237460791963953,-2.437179457079526,0.7565029742314263,-0.031099999999999905,92.26,111.26,1.916559930411439,1,0,0,0,0,83.89714285714285,-26.15714285714285
2022-12-09 00:00:00,2022-12,1,-14,0,0,58.71,3.0,22.83,-0.737668721482345,-0.41291830433790244,0.03435376780103571,0.09640000000000004,87.26,132.79,1.1105429943181653,0,0,0,0,0,58.23142857142857,0.47857142857142776
2022-12-12 00:00:00,2022-12,1,-13,0,0,61.15,2.4399999999999977,25.0,1.4178262831053963,0.36397979713905965,0.30580043931358714,0.03299999999999992,91.73,141.93,1.0341423013002353,0,1,0,0,0,58.23142857142857,2.9185714285714255
2022-12-13 00:00:00,2022-12,1,-12,0,0,60.66,-0.490000000000002,22.55,0.7263262233261697,3.3444655653112436,-1.1008618619652077,-0.11010000000000009,88.74,135.08,1.6073444623884074,1,1,0,0,0,58.23142857142857,2.4285714285714235
2022-12-14 00:00:00,2022-12,1,-11,0,0,55.19,-5.469999999999999,21.14,-0.6071158028413108,0.3759392361060311,-0.20216613383827278,-0.023800000000000043,88.35,120.26,1.49748901792122,1,1,0,0,0,58.23142857142857,-3.0414285714285754
2022-12-15 00:00:00,2022-12,1,-10,0,0,57.74,2.5500000000000043,22.83,-2.5237460791963953,-2.437179457079526,0.7565029742314263,-0.031099999999999905,92.26,111.26,1.916559930411439,1,0,0,0,0,58.23142857142857,-0.4914285714285711
2022-12-16 00:00:00,2022-12,1,-9,0,0,63.31,5.57,22.62,-1.1200267830704025,-3.2813674189323314,0.13667275697547124,0.035900000000000265,89.15,113.65,2.3329306819933526,0,0,0,0,0,58.23142857142857,5.078571428571429
2022-12-19 00:00:00,2022-12,1,-8,0,0,63.62,0.30999999999999517,22.42,-0.9048278034291597,-0.9971927153948195,0.019100190104964557,0.10239999999999982,87.54,118.32,2.160533474139386,0,0,0,0,0,58.23142857142857,5.388571428571424
2022-12-20 00:00:00,2022-12,1,-7,0,0,60.1,-3.519999999999996,21.48,0.1036747011419641,1.7612313140816918,-0.7245366792247951,0.0979000000000001,83.0,119.92,2.314974697495982,0,0,0,0,0,58.23142857142857,1.8685714285714283
2022-12-21 00:00:00,2022-12,1,-6,0,0,59.12,-0.980000000000004,20.07,1.4758594440961796,-0.5252629476607158,0.1893075466738932,-0.020500000000000185,77.64,115.0,2.3081027758650534,0,0,1,0,0,58.23142857142857,0.8885714285714243
2022-12-22 00:00:00,2022-12,1,-5,0,0,56.14,-2.979999999999997,21.97,-1.4557129502374848,-0.0050617307854751055,0.2598337951227883,0.016599999999999948,81.94,112.05,1.7074404326544688,0,0,1,0,0,58.23142857142857,-2.0914285714285725
2022-12-23 00:00:00,2022-12,1,-4,0,0,53.67,-2.469999999999999,20.87,0.5850906388984781,0.11355934129887786,-0.11401362691755486,0.0686,78.84,113.17,1.6818073583501594,0,0,1,0,0,58.23142857142857,-4.561428571428571
2022-12-27 00:00:00,2022-12,1,-3,0,0,54.05,0.37999999999999545,21.65,-0.4057826255056132,-0.8379327405340719,-0.1295007687229231,0.0939000000000001,78.65,124.89,1.517786592766344,0,0,0,0,0,58.23142857142857,-4.181428571428576
2022-12-28 00:00:00,2022-12,1,-2,0,0,57.19,3.1400000000000006,22.14,-1.209346269904926,-1.0552984772991578,0.27223682230851426,0.04159999999999986,79.9,120.07,0.9882232494636912,0,0,0,0,0,58.23142857142857,-1.0414285714285754
2022-12-29 00:00:00,2022-12,1,-1,0,0,54.59,-2.5999999999999943,21.44,1.7310618960093667,0.45954986114422347,-0.6020210310102856,-0.06820000000000004,77.28,120.25,0.9501397638307075,0,0,0,0,0,58.23142857142857,-3.6414285714285697
2022-12-30 00:00:00,2022-12,1,0,1,0,49.82,-4.770000000000003,21.67,-0.25439680351095256,-0.08645726541381236,-0.3028580908463007,0.06030000000000024,77.05,121.61,0.5457910430006232,0,0,0,1,0,58.23142857142857,-8.411428571428573
2023-01-03 00:00:00,2022-12,1,1,1,1,48.95,-0.8699999999999974,22.9,-0.40085443908070933,-0.5332100934666799,0.9575154871432385,-0.1358999999999999,80.34,129.97,0.5464021768780128,0,0,0,1,1,58.23142857142857,-9.28142857142857
2023-01-04 00:00:00,2022-12,1,2,1,2,46.87,-2.0800000000000054,22.01,0.7510674075384772,0.9554578044786954,-0.2586629532966596,-0.05620000000000003,76.65,125.78,0.7195067652544236,0,0,0,1,2,58.23142857142857,-11.361428571428576
2023-01-05 00:00:00,2022-12,1,3,1,3,45.45,-1.4199999999999946,22.46,-1.171390238451922,0.13544647717840033,0.7587594336245358,0.0354000000000001,75.96,119.53,0.720841751680694,0,0,0,1,3,58.23142857142857,-12.78142857142857
2023-01-06 00:00:00,2022-12,1,4,1,4,43.61,-1.8400000000000034,21.13,2.2583841176026542,0.49294673389987864,-1.1133509922743812,-0.16010000000000035,73.88,113.87,0.6796418917601987,0,0,0,1,4,58.23142857142857,-14.621428571428574
2023-01-09 00:00:00,2022-12,1,5,1,5,44.06,0.45000000000000284,21.97,-0.07679298504944067,1.3163234178706624,-0.8488063335736141,-0.025900000000000034,77.27,116.67,0.6241479880500959,0,0,0,1,5,58.23142857142857,-14.17142857142857
2023-01-10 00:00:00,2022-12,1,6,1,6,45.47,1.4099999999999966,20.58,0.6954020552451892,1.647287238567952,0.22789325068410682,0.0867,76.02,119.52,0.7861672835805614,0,0,0,1,6,58.23142857142857,-12.761428571428574
2023-01-11 00:00:00,2022-12,1,7,1,7,47.55,2.0799999999999983,21.09,1.2767544131228952,0.5360972616318872,-0.04650622104516438,-0.07959999999999967,78.94,115.17,0.734196181965492,0,1,0,1,7,58.23142857142857,-10.681428571428576
2023-01-12 00:00:00,2022-12,1,8,1,8,51.42,3.8700000000000045,18.83,0.34101315868827886,6.984562973629396,-0.9170892863449175,-0.09920000000000018,78.79,112.34,2.3764950487971674,0,1,0,1,8,58.23142857142857,-6.811428571428571
2023-01-13 00:00:00,2022-12,1,9,1,9,61.12,9.699999999999996,18.35,0.3988850553225138,5.086266115418934,-0.041085840636649995,0.06349999999999989,80.89,113.55,2.650872524515204,0,1,0,1,9,58.23142857142857,2.8885714285714243
2023-01-17 00:00:00,2022-12,1,10,1,10,63.35,2.230000000000004,19.36,-0.20325261125498278,0.861740024860135,0.18182356397812038,0.04410000000000025,83.44,122.27,2.5641816084021745,0,0,0,1,10,58.23142857142857,5.118571428571428
2023-01-18 00:00:00,2022-12,1,11,1,11,63.34,-0.00999999999999801,20.34,-1.5685001660276408,-2.553570022992999,-0.026373240105398044,-0.17779999999999996,85.33,112.61,3.139380824679369,0,0,0,1,11,58.23142857142857,5.10857142857143
2023-01-19 00:00:00,2022-12,1,12,1,12,56.9,-6.440000000000005,20.52,-0.766766960752083,0.7717996070613766,-0.2984040057748858,0.021700000000000053,85.14,114.53,3.165283182055063,0,0,0,1,12,58.23142857142857,-1.3314285714285745
2023-01-20 00:00:00,2022-12,1,13,1,13,59.48,2.5799999999999983,19.85,1.874167155917249,6.376026803992066,-0.04508257047003796,0.08719999999999972,81.03,114.76,3.5787439298888724,0,0,0,1,13,58.23142857142857,1.2485714285714238
2023-01-23 00:00:00,2022-12,1,14,1,14,64.38,4.899999999999999,19.81,1.1811328415709266,1.7825433596200484,0.12343866372664222,0.031099999999999905,78.34,114.69,3.489982322495726,0,0,0,1,14,58.23142857142857,6.148571428571422
2023-01-06 00:00:00,2023-01,0,-14,0,0,43.61,-1.8400000000000034,21.13,2.2583841176026542,0.49294673389987864,-1.1133509922743812,-0.16010000000000035,73.88,113.87,0.6796418917601987,0,0,0,0,0,55.75,-12.14
2023-01-09 00:00:00,2023-01,0,-13,0,0,44.06,0.45000000000000284,21.97,-0.07679298504944067,1.3163234178706624,-0.8488063335736141,-0.025900000000000034,77.27,116.67,0.6241479880500959,0,0,0,0,0,55.75,-11.689999999999998
2023-01-10 00:00:00,2023-01,0,-12,0,0,45.47,1.4099999999999966,20.58,0.6954020552451892,1.647287238567952,0.22789325068410682,0.0867,76.02,119.52,0.7861672835805614,0,0,0,0,0,55.75,-10.280000000000001
2023-01-11 00:00:00,2023-01,0,-11,0,0,47.55,2.0799999999999983,21.09,1.2767544131228952,0.5360972616318872,-0.04650622104516438,-0.07959999999999967,78.94,115.17,0.734196181965492,0,1,0,0,0,55.75,-8.200000000000003
2023-01-12 00:00:00,2023-01,0,-10,0,0,51.42,3.8700000000000045,18.83,0.34101315868827886,6.984562973629396,-0.9170892863449175,-0.09920000000000018,78.79,112.34,2.3764950487971674,0,1,0,0,0,55.75,-4.329999999999998
2023-01-13 00:00:00,2023-01,0,-9,0,0,61.12,9.699999999999996,18.35,0.3988850553225138,5.086266115418934,-0.041085840636649995,0.06349999999999989,80.89,113.55,2.650872524515204,0,1,0,0,0,55.75,5.369999999999997
2023-01-17 00:00:00,2023-01,0,-8,0,0,63.35,2.230000000000004,19.36,-0.20325261125498278,0.861740024860135,0.18182356397812038,0.04410000000000025,83.44,122.27,2.5641816084021745,0,0,0,0,0,55.75,7.600000000000001
2023-01-18 00:00:00,2023-01,0,-7,0,0,63.34,-0.00999999999999801,20.34,-1.5685001660276408,-2.553570022992999,-0.026373240105398044,-0.17779999999999996,85.33,112.61,3.139380824679369,0,0,0,0,0,55.75,7.590000000000003
2023-01-19 00:00:00,2023-01,0,-6,0,0,56.9,-6.440000000000005,20.52,-0.766766960752083,0.7717996070613766,-0.2984040057748858,0.021700000000000053,85.14,114.53,3.165283182055063,0,0,0,0,0,55.75,1.1499999999999986
2023-01-20 00:00:00,2023-01,0,-5,0,0,59.48,2.5799999999999983,19.85,1.874167155917249,6.376026803992066,-0.04508257047003796,0.08719999999999972,81.03,114.76,3.5787439298888724,0,0,0,0,0,55.75,3.729999999999997
2023-01-23 00:00:00,2023-01,0,-4,0,0,64.38,4.899999999999999,19.81,1.1811328415709266,1.7825433596200484,0.12343866372664222,0.031099999999999905,78.34,114.69,3.489982322495726,0,0,0,0,0,55.75,8.629999999999995
2023-01-24 00:00:00,2023-01,0,-3,0,0,61.33,-3.049999999999997,19.2,-0.07117296325210935,-0.40664073780870985,-0.21562716630823356,-0.05709999999999971,79.37,112.76,3.0939139192243945,0,0,0,0,0,55.75,5.579999999999998
2023-01-25 00:00:00,2023-01,0,-2,0,0,61.49,0.1600000000000037,19.08,-0.018174643434897733,2.9824327628537626,-0.27215713476396997,-0.011099999999999888,80.74,107.74,2.7985196235038647,0,0,1,0,0,55.75,5.740000000000002
2023-01-26 00:00:00,2023-01,0,-1,0,0,57.0,-4.490000000000002,18.73,1.0947717569977038,-2.216409775048337,0.19461378267441198,0.0530999999999997,81.6,104.28,3.120843915027056,0,0,1,0,0,55.75,1.25
2023-01-27 00:00:00,2023-01,0,0,1,0,55.0,-2.0,18.51,0.24917027916841636,0.04782019697409725,0.08637359075700357,0.008799999999999919,83.31,100.7,2.76725265385337,0,0,1,0,0,55.75,-0.75
2023-01-30 00:00:00,2023-01,0,1,1,1,56.4,1.3999999999999986,19.94,-1.3053559781991078,-4.512682261767443,0.341817054408006,0.03310000000000013,86.13,103.77,3.5548958995889177,0,0,0,0,0,55.75,0.6499999999999986
2023-01-31 00:00:00,2023-01,0,2,1,2,58.82,2.4200000000000017,19.4,1.4536285322318165,0.8902913871775485,-0.17516995471129926,-0.02970000000000006,83.9,99.54,2.517147573653995,1,0,0,0,0,55.75,3.0700000000000003
2023-02-01 00:00:00,2023-01,0,3,1,3,58.04,-0.7800000000000011,17.87,1.0398089735210483,3.1375040134385337,-0.8656614845723476,-0.09030000000000005,81.2,97.33,2.737852266431487,1,0,0,0,0,55.75,2.289999999999999
2023-02-02 00:00:00,2023-01,0,4,1,4,57.71,-0.3299999999999983,18.73,1.4592431217642186,-0.9418402704347106,0.5252097387380097,-0.02389999999999981,84.97,97.76,2.758136984888838,1,0,0,0,0,55.75,1.9600000000000009
2023-02-03 00:00:00,2023-01,0,5,1,5,54.25,-3.460000000000001,18.33,-1.0408643989373003,-0.3267901419762163,1.138458048825954,0.1318999999999999,83.49,98.99,2.405268697055809,0,0,0,0,0,55.75,-1.5
2023-02-06 00:00:00,2023-01,0,6,1,6,54.56,0.3100000000000023,19.43,-0.6159416919169087,0.0571374586058991,0.6836607175704476,0.11529999999999996,85.1,105.63,2.295357920740561,0,0,0,0,0,55.75,-1.1899999999999977
2023-02-07 00:00:00,2023-01,0,7,1,7,53.31,-1.25,18.66,1.2790383040919153,1.2285344220675165,-0.1873962141851352,0.033600000000000296,84.54,103.15,2.36206122268559,0,0,0,0,0,55.75,-2.4399999999999977
2023-02-08 00:00:00,2023-01,0,8,1,8,52.99,-0.3200000000000003,19.63,-1.1142539811002887,-1.0417670339245506,-0.01740509393475112,-0.06370000000000031,94.83,100.75,1.4685536098259133,0,0,0,0,0,55.75,-2.759999999999998
2023-02-09 00:00:00,2023-01,0,9,1,9,51.95,-1.0399999999999991,20.71,-0.8869043032445953,-4.917128478299129,-0.1819678186864578,0.048100000000000254,97.96,102.45,2.466113546285295,0,0,0,0,0,55.75,-3.799999999999997
2023-02-10 00:00:00,2023-01,0,10,1,10,48.69,-3.260000000000005,20.53,0.2192865258876484,-1.4587455920557468,0.39545424775211063,0.07410000000000005,95.63,109.63,1.9180572262323492,0,0,0,0,0,55.75,-7.060000000000002
2023-02-13 00:00:00,2023-01,0,11,1,11,50.65,1.9600000000000009,20.34,1.1383550959928976,-0.5096804222297389,-0.2753957532326867,-0.030400000000000205,93.95,110.67,1.929312282673143,0,1,0,0,0,55.75,-5.100000000000001
2023-02-14 00:00:00,2023-01,0,12,1,12,49.17,-1.4799999999999969,18.91,-0.028041608128225107,2.833643129540062,-0.10843362891884593,0.04190000000000005,89.2,110.59,2.4194241626005852,0,1,0,0,0,55.75,-6.579999999999998
2023-02-15 00:00:00,2023-01,0,13,1,13,52.67,3.5,18.23,0.2769285655189374,8.302966051635712,0.6661670931327478,0.0613999999999999,84.81,108.64,4.1496134946282845,0,1,0,0,0,55.75,-3.0799999999999983
2023-02-16 00:00:00,2023-01,0,14,1,14,58.8,6.1299999999999955,20.17,-1.3884644172642286,1.4629553701958704,-0.06449160148254039,0.05589999999999984,88.25,111.01,4.156152271392039,0,0,0,0,0,55.75,3.049999999999997
2023-02-03 00:00:00,2023-02,0,-14,0,0,54.25,-3.460000000000001,18.33,-1.0408643989373003,-0.3267901419762163,1.138458048825954,0.1318999999999999,83.49,98.99,2.405268697055809,0,0,0,0,0,54.31357142857143,-0.06357142857142861
2023-02-06 00:00:00,2023-02,0,-13,0,0,54.56,0.3100000000000023,19.43,-0.6159416919169087,0.0571374586058991,0.6836607175704476,0.11529999999999996,85.1,105.63,2.295357920740561,0,0,0,0,0,54.31357142857143,0.24642857142857366
2023-02-07 00:00:00,2023-02,0,-12,0,0,53.31,-1.25,18.66,1.2790383040919153,1.2285344220675165,-0.1873962141851352,0.033600000000000296,84.54,103.15,2.36206122268559,0,0,0,0,0,54.31357142857143,-1.0035714285714263
2023-02-08 00:00:00,2023-02,0,-11,0,0,52.99,-0.3200000000000003,19.63,-1.1142539811002887,-1.0417670339245506,-0.01740509393475112,-0.06370000000000031,94.83,100.75,1.4685536098259133,0,0,0,0,0,54.31357142857143,-1.3235714285714266
2023-02-09 00:00:00,2023-02,0,-10,0,0,51.95,-1.0399999999999991,20.71,-0.8869043032445953,-4.917128478299129,-0.1819678186864578,0.048100000000000254,97.96,102.45,2.466113546285295,0,0,0,0,0,54.31357142857143,-2.3635714285714258
2023-02-10 00:00:00,2023-02,0,-9,0,0,48.69,-3.260000000000005,20.53,0.2192865258876484,-1.4587455920557468,0.39545424775211063,0.07410000000000005,95.63,109.63,1.9180572262323492,0,0,0,0,0,54.31357142857143,-5.623571428571431
2023-02-13 00:00:00,2023-02,0,-8,0,0,50.65,1.9600000000000009,20.34,1.1383550959928976,-0.5096804222297389,-0.2753957532326867,-0.030400000000000205,93.95,110.67,1.929312282673143,0,1,0,0,0,54.31357142857143,-3.66357142857143
2023-02-14 00:00:00,2023-02,0,-7,0,0,49.17,-1.4799999999999969,18.91,-0.028041608128225107,2.833643129540062,-0.10843362891884593,0.04190000000000005,89.2,110.59,2.4194241626005852,0,1,0,0,0,54.31357142857143,-5.143571428571427
2023-02-15 00:00:00,2023-02,0,-6,0,0,52.67,3.5,18.23,0.2769285655189374,8.302966051635712,0.6661670931327478,0.0613999999999999,84.81,108.64,4.1496134946282845,0,1,0,0,0,54.31357142857143,-1.643571428571427
2023-02-16 00:00:00,2023-02,0,-5,0,0,58.8,6.1299999999999955,20.17,-1.3884644172642286,1.4629553701958704,-0.06449160148254039,0.05589999999999984,88.25,111.01,4.156152271392039,0,0,0,0,0,54.31357142857143,4.4864285714285685
2023-02-17 00:00:00,2023-02,0,-4,0,0,60.77,1.970000000000006,20.02,-0.27712852059047505,-0.1966844164331244,0.0057770631352780655,-0.04599999999999982,87.97,110.11,4.110248769010369,0,0,0,0,0,54.31357142857143,6.4564285714285745
2023-02-21 00:00:00,2023-02,0,-3,0,0,60.82,0.04999999999999716,22.87,-2.0244784414123935,-2.325329986738942,0.30186815720407667,0.13770000000000016,95.99,119.62,3.595102903232163,0,0,0,0,0,54.31357142857143,6.506428571428572
2023-02-22 00:00:00,2023-02,0,-2,0,0,56.83,-3.990000000000002,22.29,-0.15747857327715092,-1.6413825809370373,0.39183614113768517,-0.036900000000000155,91.24,118.21,3.617853242187501,0,0,1,0,0,54.31357142857143,2.5164285714285697
2023-02-23 00:00:00,2023-02,0,-1,0,0,54.93,-1.8999999999999986,21.14,0.5315273460274993,0.302576152698068,0.012429308324991329,-0.03880000000000017,85.16,117.45,3.5691075697579198,0,0,1,0,0,54.31357142857143,0.6164285714285711
2023-02-24 00:00:00,2023-02,0,0,1,0,50.49,-4.439999999999998,21.67,-1.0593457421727142,-3.304826681082796,0.5871940308047594,0.06640000000000024,85.26,122.84,3.857178992950171,0,0,1,0,0,54.31357142857143,-3.8235714285714266
2023-02-27 00:00:00,2023-02,0,1,1,1,50.44,-0.05000000000000426,20.95,0.3068304831168187,-0.7496779754760258,-0.5155166333526181,-0.029100000000000126,83.21,120.03,1.6282959093020188,0,0,0,0,0,54.31357142857143,-3.873571428571431
2023-02-28 00:00:00,2023-02,0,2,1,2,50.37,-0.07000000000000028,20.7,-0.30405976856194583,-1.0229233811929734,0.18707472216708804,0.005900000000000016,80.76,123.6,1.248239922340017,0,0,0,0,0,54.31357142857143,-3.943571428571431
2023-03-01 00:00:00,2023-02,0,3,1,3,54.71,4.340000000000003,20.58,-0.473646161527038,1.7619899665627052,-0.36875734400301785,0.07250000000000023,80.55,121.08,1.6767288304323007,0,0,0,0,0,54.31357142857143,0.39642857142857224
2023-03-02 00:00:00,2023-02,0,4,1,4,53.72,-0.990000000000002,19.59,0.7553542016924832,-0.6081701656473092,0.5193081213813009,0.06309999999999993,77.34,124.12,1.5723810705012433,0,0,0,0,0,54.31357142857143,-0.5935714285714297
2023-03-03 00:00:00,2023-02,0,5,1,5,52.2,-1.519999999999996,18.49,1.6018800257414187,-5.138702886706069,-0.48294518055842334,-0.10389999999999988,75.93,122.52,2.292768232789874,0,0,0,0,0,54.31357142857143,-2.1135714285714258
2023-03-06 00:00:00,2023-02,0,6,1,6,51.78,-0.4200000000000017,18.61,0.06869235239955045,-0.3433807095683222,-0.16373746303143719,0.005999999999999783,76.41,128.19,2.2319937856994416,0,0,0,0,0,54.31357142857143,-2.5335714285714275
2023-03-07 00:00:00,2023-02,0,7,1,7,51.46,-0.3200000000000003,19.59,-1.5445639173959798,-1.5901659775262538,1.2049773115996363,0.005999999999999783,78.54,133.33,2.0690333665927327,0,0,0,0,0,54.31357142857143,-2.8535714285714278
2023-03-08 00:00:00,2023-02,0,8,1,8,50.12,-1.3400000000000034,19.11,0.14138210863556078,-0.22173385826794034,0.040705627878379835,0.02760000000000007,74.67,129.76,2.093356539009384,0,0,0,0,0,54.31357142857143,-4.193571428571431
2023-03-09 00:00:00,2023-02,0,9,1,9,54.39,4.270000000000003,22.61,-1.8631872945282475,-8.436450907740808,-0.33085773449497635,-0.08809999999999985,92.04,129.28,3.497527674524817,0,0,0,0,0,54.31357142857143,0.07642857142857196
2023-03-10 00:00:00,2023-02,0,10,1,10,54.2,-0.18999999999999773,24.8,-1.4583974750190178,-0.6164986830261485,-0.6984805775557326,-0.2044999999999999,108.62,140.06,3.1611623623264213,0,0,0,0,0,54.31357142857143,-0.11357142857142577
2023-03-13 00:00:00,2023-02,0,11,1,11,62.24,8.04,26.52,-0.15108816132590816,12.012182759599249,-0.9425013685037035,-0.12550000000000017,114.54,173.59,6.354315939329719,0,1,0,0,0,54.31357142857143,7.926428571428573
2023-03-14 00:00:00,2023-02,0,12,1,12,63.46,1.2199999999999989,23.73,1.6342380801371525,1.6454489521492728,0.001930576470189277,0.1160000000000001,104.9,169.65,6.060699001856581,0,1,0,0,0,54.31357142857143,9.146428571428572
2023-03-15 00:00:00,2023-02,0,13,1,13,64.15,0.6900000000000048,26.14,-0.7005336398235209,-0.9988324370082222,1.0074853637438663,-0.23439999999999994,122.75,198.71,6.078233303639623,0,1,0,0,0,54.31357142857143,9.836428571428577
2023-03-16 00:00:00,2023-02,0,14,1,14,62.45,-1.7000000000000028,22.99,1.740955128696453,1.4741533772377104,-0.2181151134494447,0.12219999999999986,110.77,167.96,6.0332681318632755,0,0,0,0,0,54.31357142857143,8.136428571428574
2023-03-13 00:00:00,2023-03,1,-14,0,0,62.24,8.04,26.52,-0.15108816132590816,12.012182759599249,-0.9425013685037035,-0.12550000000000017,114.54,173.59,6.354315939329719,0,1,0,0,0,64.43142857142858,-2.191428571428581
2023-03-14 00:00:00,2023-03,1,-13,0,0,63.46,1.2199999999999989,23.73,1.6342380801371525,1.6454489521492728,0.001930576470189277,0.1160000000000001,104.9,169.65,6.060699001856581,0,1,0,0,0,64.43142857142858,-0.9714285714285822
2023-03-15 00:00:00,2023-03,1,-12,0,0,64.15,0.6900000000000048,26.14,-0.7005336398235209,-0.9988324370082222,1.0074853637438663,-0.23439999999999994,122.75,198.71,6.078233303639623,0,1,0,0,0,64.43142857142858,-0.28142857142857736
2023-03-16 00:00:00,2023-03,1,-11,0,0,62.45,-1.7000000000000028,22.99,1.740955128696453,1.4741533772377104,-0.2181151134494447,0.12219999999999986,110.77,167.96,6.0332681318632755,0,0,0,0,0,64.43142857142858,-1.9814285714285802
2023-03-17 00:00:00,2023-03,1,-10,0,0,66.59,4.140000000000001,25.51,-1.1080586449227314,8.030175034035587,-0.6822816507836829,-0.1484000000000001,124.75,180.11,6.603717295355044,0,0,0,0,0,64.43142857142858,2.1585714285714204
2023-03-20 00:00:00,2023-03,1,-9,0,0,68.23,1.6400000000000006,24.15,0.8878824909597214,0.3839647368643777,-0.41258289640111284,0.05610000000000026,110.16,182.64,4.94089675642777,0,0,0,0,0,64.43142857142858,3.798571428571421
2023-03-21 00:00:00,2023-03,1,-8,0,0,70.06,1.8299999999999983,21.38,1.289863554198477,0.2564148651686587,-0.0242087375357493,0.12469999999999981,101.19,162.31,4.840489188844039,1,0,0,0,0,64.43142857142858,5.628571428571419
2023-03-22 00:00:00,2023-03,1,-7,0,0,63.89,-6.170000000000002,22.26,-1.6600211922495949,-2.7446648675563554,-0.8852111772097014,-0.1753,102.64,142.84,3.387687305316652,1,0,0,0,0,64.43142857142858,-0.5414285714285825
2023-03-23 00:00:00,2023-03,1,-6,0,0,66.43,2.5400000000000063,22.61,0.29800838470393864,3.376452091303432,0.18157152168677898,-0.00749999999999984,102.92,151.4,3.491508027524789,1,0,0,0,0,64.43142857142858,1.9985714285714238
2023-03-24 00:00:00,2023-03,1,-5,0,0,65.06,-1.3700000000000045,21.74,0.5623958124210314,-2.5549330719761447,0.5679623141428877,-0.05040000000000022,99.72,173.66,3.712030350655578,0,0,0,0,0,64.43142857142858,0.6285714285714192
2023-03-27 00:00:00,2023-03,1,-4,0,0,62.12,-2.940000000000005,20.6,0.16455897389303137,-2.7642782629620988,-0.25148940541519677,0.15370000000000017,95.07,161.67,3.990257809489813,0,0,0,0,0,64.43142857142858,-2.3114285714285856
2023-03-28 00:00:00,2023-03,1,-3,0,0,60.13,-1.9899999999999949,19.97,-0.1575080840930101,0.9765719138652416,-0.41600356164909635,0.039699999999999847,91.41,155.96,2.3424550024638195,0,0,0,0,0,64.43142857142858,-4.3014285714285805
2023-03-29 00:00:00,2023-03,1,-2,0,0,64.49,4.359999999999992,19.12,1.413686114588656,3.8753129746274344,0.20480818589377098,-0.005700000000000038,87.78,150.58,2.8610813232104313,0,0,1,0,0,64.43142857142858,0.05857142857141184
2023-03-30 00:00:00,2023-03,1,-1,0,0,62.74,-1.749999999999993,19.02,0.5698994460609172,-0.8514289935799959,-0.48441379200920137,-0.015099999999999891,85.34,141.24,2.8789983228689,0,0,1,0,0,64.43142857142858,-1.691428571428581
2023-03-31 00:00:00,2023-03,1,0,1,0,58.52,-4.219999999999999,18.7,1.4333332809426855,0.8595292536732086,0.35377510633407283,-0.08119999999999994,87.53,135.93,2.639099196416737,0,0,1,1,0,64.43142857142858,-5.91142857142858
2023-04-03 00:00:00,2023-03,1,1,1,1,61.83,3.309999999999995,18.55,0.3692093649516912,-1.7564091155554933,-0.4037170865433774,-0.05620000000000003,84.07,138.17,2.380058266903729,0,0,0,1,1,64.43142857142858,-2.6014285714285847
2023-04-04 00:00:00,2023-03,1,2,1,2,59.65,-2.1799999999999997,19.0,-0.5813920385208212,2.3960958072276854,-0.49784322110461776,-0.07270000000000021,84.72,147.75,2.3393031900866865,0,0,0,1,2,64.43142857142858,-4.7814285714285845
2023-04-05 00:00:00,2023-03,1,3,1,3,58.02,-1.6299999999999955,19.08,-0.24954291924703362,-0.35455655667157404,0.2615048826534877,-0.027899999999999814,85.92,153.9,1.9410340545279585,0,0,0,1,3,64.43142857142858,-6.41142857142858
2023-04-06 00:00:00,2023-03,1,4,1,4,57.06,-0.9600000000000009,18.4,0.3572739725370165,-0.5870072767305773,-0.02945884130223786,-0.005799999999999805,84.64,147.73,1.9977413365804513,0,0,0,1,4,64.43142857142858,-7.371428571428581
2023-04-10 00:00:00,2023-03,1,5,1,5,62.16,5.099999999999994,18.97,0.09958450470119054,3.5126541620618235,0.4749117246702577,0.02619999999999978,85.94,143.0,1.8981934326551397,0,0,0,1,5,64.43142857142858,-2.2714285714285865
2023-04-11 00:00:00,2023-03,1,6,1,6,60.18,-1.9799999999999969,19.1,-0.004137234502690973,3.5387514936504108,-0.36526688461414025,0.009400000000000297,85.92,139.78,2.106565899754765,0,1,0,1,6,64.43142857142858,-4.251428571428583
2023-04-12 00:00:00,2023-03,1,7,1,7,55.87,-4.310000000000002,19.09,-0.4143458650798345,-0.744982136542879,-0.6912017465102022,-0.035600000000000076,87.06,129.68,2.2196989994035805,0,1,0,1,7,64.43142857142858,-8.561428571428586
2023-04-13 00:00:00,2023-03,1,8,1,8,55.47,-0.3999999999999986,17.8,1.3175446748330009,1.0532957466006412,-0.48293766798540394,0.054300000000000015,84.73,119.95,1.8990689331400947,0,1,0,1,8,64.43142857142858,-8.961428571428584
2023-04-14 00:00:00,2023-03,1,9,1,9,53.46,-2.009999999999998,17.07,-0.2071498810492095,0.6089330030493525,0.5341560762126256,0.06789999999999985,84.01,118.84,1.8399609284633214,0,0,0,1,9,64.43142857142858,-10.971428571428582
2023-04-17 00:00:00,2023-03,1,10,1,10,55.6,2.1400000000000006,16.95,0.33007789687629757,-3.0147203634922213,0.5411125132719142,0.08760000000000012,83.15,122.69,2.3666276084736597,0,0,0,1,10,64.43142857142858,-8.831428571428582
2023-04-18 00:00:00,2023-03,1,11,1,11,55.63,0.030000000000001137,16.83,0.08547842551524593,3.2154344463074325,-0.35124246306810264,-0.024799999999999933,88.01,122.78,2.476227324530461,0,0,0,1,11,64.43142857142858,-8.80142857142858
2023-04-19 00:00:00,2023-03,1,12,1,12,55.71,0.0799999999999983,16.46,-0.008424204429116193,-3.93117566770137,0.2189355505785668,0.015200000000000102,95.04,124.02,2.8683471159352183,0,0,0,1,12,64.43142857142858,-8.721428571428582
2023-04-20 00:00:00,2023-03,1,13,1,13,56.11,0.3999999999999986,17.17,-0.5970339945819703,-3.6393653397567145,-0.12560843227871962,-0.05900000000000016,98.46,120.61,2.7145883386031113,0,0,0,1,13,64.43142857142858,-8.321428571428584
2023-04-21 00:00:00,2023-03,1,14,1,14,54.82,-1.2899999999999991,16.77,0.0902785990925368,-3.3596419221644016,-0.017676346148883085,0.040000000000000036,96.94,120.84,2.8620833718283984,0,0,0,1,14,64.43142857142858,-9.611428571428583
2023-04-10 00:00:00,2023-04,0,-14,0,0,62.16,5.099999999999994,18.97,0.09958450470119054,3.5126541620618235,0.4749117246702577,0.02619999999999978,85.94,143.0,1.8981934326551397,0,0,0,0,0,55.760714285714286,6.3992857142857105
2023-04-11 00:00:00,2023-04,0,-13,0,0,60.18,-1.9799999999999969,19.1,-0.004137234502690973,3.5387514936504108,-0.36526688461414025,0.009400000000000297,85.92,139.78,2.106565899754765,0,1,0,0,0,55.760714285714286,4.419285714285714
2023-04-12 00:00:00,2023-04,0,-12,0,0,55.87,-4.310000000000002,19.09,-0.4143458650798345,-0.744982136542879,-0.6912017465102022,-0.035600000000000076,87.06,129.68,2.2196989994035805,0,1,0,0,0,55.760714285714286,0.10928571428571132
2023-04-13 00:00:00,2023-04,0,-11,0,0,55.47,-0.3999999999999986,17.8,1.3175446748330009,1.0532957466006412,-0.48293766798540394,0.054300000000000015,84.73,119.95,1.8990689331400947,0,1,0,0,0,55.760714285714286,-0.29071428571428726
2023-04-14 00:00:00,2023-04,0,-10,0,0,53.46,-2.009999999999998,17.07,-0.2071498810492095,0.6089330030493525,0.5341560762126256,0.06789999999999985,84.01,118.84,1.8399609284633214,0,0,0,0,0,55.760714285714286,-2.3007142857142853
2023-04-17 00:00:00,2023-04,0,-9,0,0,55.6,2.1400000000000006,16.95,0.33007789687629757,-3.0147203634922213,0.5411125132719142,0.08760000000000012,83.15,122.69,2.3666276084736597,0,0,0,0,0,55.760714285714286,-0.1607142857142847
2023-04-18 00:00:00,2023-04,0,-8,0,0,55.63,0.030000000000001137,16.83,0.08547842551524593,3.2154344463074325,-0.35124246306810264,-0.024799999999999933,88.01,122.78,2.476227324530461,0,0,0,0,0,55.760714285714286,-0.13071428571428356
2023-04-19 00:00:00,2023-04,0,-7,0,0,55.71,0.0799999999999983,16.46,-0.008424204429116193,-3.93117566770137,0.2189355505785668,0.015200000000000102,95.04,124.02,2.8683471159352183,0,0,0,0,0,55.760714285714286,-0.05071428571428527
2023-04-20 00:00:00,2023-04,0,-6,0,0,56.11,0.3999999999999986,17.17,-0.5970339945819703,-3.6393653397567145,-0.12560843227871962,-0.05900000000000016,98.46,120.61,2.7145883386031113,0,0,0,0,0,55.760714285714286,0.3492857142857133
2023-04-21 00:00:00,2023-04,0,-5,0,0,54.82,-1.2899999999999991,16.77,0.0902785990925368,-3.3596419221644016,-0.017676346148883085,0.040000000000000036,96.94,120.84,2.8620833718283984,0,0,0,0,0,55.760714285714286,-0.9407142857142858
2023-04-24 00:00:00,2023-04,0,-4,0,0,52.72,-2.1000000000000014,16.89,0.0851212061223925,-0.1738438623208966,-0.46660516808112296,-0.0817000000000001,93.96,126.28,2.728727286202806,0,0,0,0,0,55.760714285714286,-3.0407142857142873
2023-04-25 00:00:00,2023-04,0,-3,0,0,52.38,-0.3399999999999963,18.76,-1.5937145594967939,1.8725243936956724,0.5068634105179594,-0.09050000000000002,94.35,137.13,2.924030008713099,0,0,0,0,0,55.760714285714286,-3.3807142857142836
2023-04-26 00:00:00,2023-04,0,-2,0,0,55.47,3.0899999999999963,18.84,-0.3848609877111783,1.552947936924233,-0.38951507468888386,0.048900000000000166,90.65,130.39,2.9840664926238283,0,0,1,0,0,55.760714285714286,-0.29071428571428726
2023-04-27 00:00:00,2023-04,0,-1,0,0,55.07,-0.3999999999999986,17.03,1.937716738000212,4.189796335993867,0.035473223015724774,0.07189999999999985,85.79,122.43,3.2080666503231154,0,0,1,0,0,55.760714285714286,-0.6907142857142858
2023-04-28 00:00:00,2023-04,0,0,1,0,50.73,-4.340000000000003,15.78,0.8219359612570367,-0.9448742895505793,0.15357205644726918,-0.09839999999999982,86.9,122.46,2.854572506172369,0,0,1,0,0,55.760714285714286,-5.030714285714289
2023-05-01 00:00:00,2023-04,0,1,1,1,53.19,2.460000000000001,16.08,-0.038621384972729496,-5.839983550462092,0.48280354811502696,0.14609999999999967,88.21,128.18,3.3848731396878096,0,0,0,0,0,55.760714285714286,-2.5707142857142884
2023-05-02 00:00:00,2023-04,0,2,1,2,53.21,0.020000000000003126,17.78,-1.1653897528004022,3.59282651677557,-0.1891146960898574,-0.14419999999999966,91.46,137.55,3.386974729007296,1,0,0,0,0,55.760714285714286,-2.5507142857142853
2023-05-03 00:00:00,2023-04,0,3,1,3,52.92,-0.28999999999999915,18.34,-0.702288909058116,-0.5832106375798606,-0.6050160854857872,-0.08830000000000027,91.54,134.5,3.4061849864414158,1,0,0,0,0,55.760714285714286,-2.8407142857142844
2023-05-04 00:00:00,2023-04,0,4,1,4,51.9,-1.0200000000000031,20.09,-0.7244906241251436,1.237052467812422,0.055242625034914436,0.043099999999999916,98.74,140.71,3.3733279137818366,1,0,0,0,0,55.760714285714286,-3.8607142857142875
2023-05-05 00:00:00,2023-04,0,5,1,5,51.67,-0.22999999999999687,17.19,1.8306159168068423,2.193900878567596,-0.18261419692854677,0.05830000000000002,91.8,130.21,3.4164324510057558,0,0,0,0,0,55.760714285714286,-4.090714285714284
2023-05-08 00:00:00,2023-04,0,6,1,6,51.34,-0.3299999999999983,16.98,0.045199816586328295,-4.9210744141914935,0.16091537647018678,0.07020000000000026,91.98,135.07,3.5319170272153046,0,0,0,0,0,55.760714285714286,-4.420714285714283
2023-05-09 00:00:00,2023-04,0,7,1,7,51.98,0.6399999999999935,17.71,-0.4589891663841041,0.3514154111387412,0.22465055609753276,0.011400000000000077,92.45,133.93,3.5540447567230884,0,1,0,0,0,55.760714285714286,-3.7807142857142892
2023-05-10 00:00:00,2023-04,0,8,1,8,50.86,-1.1199999999999974,16.94,0.44738902330266894,0.7775262820923494,-0.1260574713168618,-0.07600000000000007,97.53,125.6,2.6936660073681633,0,1,0,0,0,55.760714285714286,-4.900714285714287
2023-05-11 00:00:00,2023-04,0,9,1,9,51.21,0.3500000000000014,16.93,-0.16980602174566783,-3.1566384389352815,0.5709107309184536,-0.05830000000000002,97.32,128.21,2.555724964860367,0,1,0,0,0,55.760714285714286,-4.550714285714285
2023-05-12 00:00:00,2023-04,0,10,1,10,50.09,-1.1199999999999974,17.03,-0.15845521626198358,-2.1017606766985266,0.6085815822529029,0.07819999999999983,100.54,120.52,2.619125076750088,0,0,0,0,0,55.760714285714286,-5.670714285714283
2023-05-15 00:00:00,2023-04,0,11,1,11,52.28,2.1899999999999977,17.12,0.29538685652344837,1.4812221280428286,-0.24084062052212282,0.0394000000000001,94.65,127.89,2.652236085570776,0,0,0,0,0,55.760714285714286,-3.480714285714285
2023-05-16 00:00:00,2023-04,0,12,1,12,50.57,-1.7100000000000009,17.99,-0.639813586199316,-1.466679161155514,0.12683052266507566,0.03200000000000003,97.63,130.3,2.309682078539306,0,0,0,0,0,55.760714285714286,-5.190714285714286
2023-05-17 00:00:00,2023-04,0,13,1,13,49.72,-0.8500000000000014,16.87,1.182066016444788,1.40425758605748,0.3095706452888078,0.030199999999999783,92.76,120.78,1.8428801914416304,0,0,0,0,0,55.760714285714286,-6.040714285714287
2023-05-18 00:00:00,2023-04,0,14,1,14,46.28,-3.4399999999999977,16.05,0.9400774284705667,-2.2630883097034338,0.6800177319064641,0.08160000000000034,89.06,122.5,1.9310592177062125,0,0,0,0,0,55.760714285714286,-9.480714285714285
2023-05-08 00:00:00,2023-05,0,-14,0,0,51.34,-0.3299999999999983,16.98,0.045199816586328295,-4.9210744141914935,0.16091537647018678,0.07020000000000026,91.98,135.07,3.5319170272153046,0,0,0,0,0,49.82714285714286,1.5128571428571433
2023-05-09 00:00:00,2023-05,0,-13,0,0,51.98,0.6399999999999935,17.71,-0.4589891663841041,0.3514154111387412,0.22465055609753276,0.011400000000000077,92.45,133.93,3.5540447567230884,0,1,0,0,0,49.82714285714286,2.152857142857137
2023-05-10 00:00:00,2023-05,0,-12,0,0,50.86,-1.1199999999999974,16.94,0.44738902330266894,0.7775262820923494,-0.1260574713168618,-0.07600000000000007,97.53,125.6,2.6936660073681633,0,1,0,0,0,49.82714285714286,1.0328571428571394
2023-05-11 00:00:00,2023-05,0,-11,0,0,51.21,0.3500000000000014,16.93,-0.16980602174566783,-3.1566384389352815,0.5709107309184536,-0.05830000000000002,97.32,128.21,2.555724964860367,0,1,0,0,0,49.82714285714286,1.3828571428571408
2023-05-12 00:00:00,2023-05,0,-10,0,0,50.09,-1.1199999999999974,17.03,-0.15845521626198358,-2.1017606766985266,0.6085815822529029,0.07819999999999983,100.54,120.52,2.619125076750088,0,0,0,0,0,49.82714285714286,0.26285714285714334
2023-05-15 00:00:00,2023-05,0,-9,0,0,52.28,2.1899999999999977,17.12,0.29538685652344837,1.4812221280428286,-0.24084062052212282,0.0394000000000001,94.65,127.89,2.652236085570776,0,0,0,0,0,49.82714285714286,2.452857142857141
2023-05-16 00:00:00,2023-05,0,-8,0,0,50.57,-1.7100000000000009,17.99,-0.639813586199316,-1.466679161155514,0.12683052266507566,0.03200000000000003,97.63,130.3,2.309682078539306,0,0,0,0,0,49.82714285714286,0.7428571428571402
2023-05-17 00:00:00,2023-05,0,-7,0,0,49.72,-0.8500000000000014,16.87,1.182066016444788,1.40425758605748,0.3095706452888078,0.030199999999999783,92.76,120.78,1.8428801914416304,0,0,0,0,0,49.82714285714286,-0.1071428571428612
2023-05-18 00:00:00,2023-05,0,-6,0,0,46.28,-3.4399999999999977,16.05,0.9400774284705667,-2.2630883097034338,0.6800177319064641,0.08160000000000034,89.06,122.5,1.9310592177062125,0,0,0,0,0,49.82714285714286,-3.547142857142859
2023-05-19 00:00:00,2023-05,0,-5,0,0,46.52,0.240000000000002,16.81,-0.1446955746059144,0.4237428163001899,-0.3733404729124472,0.026899999999999924,94.77,127.51,1.8882441655165911,0,0,0,0,0,49.82714285714286,-3.307142857142857
2023-05-22 00:00:00,2023-05,0,-4,0,0,47.58,1.0599999999999952,17.21,0.01550459714410593,0.17938492652752497,0.0,0.04219999999999979,97.64,132.29,1.596017293550159,0,0,0,0,0,49.82714285714286,-2.2471428571428618
2023-05-23 00:00:00,2023-05,0,-3,0,0,50.08,2.5,18.53,-1.1285515564489972,1.1973703811179672,0.28061909399321394,-0.02289999999999992,101.91,131.7,1.469324551359515,0,0,0,0,0,49.82714285714286,0.25285714285713823
2023-05-24 00:00:00,2023-05,0,-2,0,0,51.3,1.2199999999999989,20.03,-0.7345550785867145,-3.0640655853345953,0.38481060143528395,0.04999999999999982,106.52,132.29,1.7530152884410952,0,0,1,0,0,49.82714285714286,1.472857142857137
2023-05-25 00:00:00,2023-05,0,-1,0,0,47.77,-3.529999999999994,19.14,0.8719564785563249,0.3342284866191972,0.34976829900493017,0.07550000000000034,103.88,139.54,1.7215474837264837,0,0,1,0,0,49.82714285714286,-2.057142857142857
2023-05-26 00:00:00,2023-05,0,0,1,0,45.24,-2.530000000000001,17.95,1.296458273531355,1.0106475794110727,-0.043174372363611546,-0.01910000000000034,97.57,145.37,1.6637604663027887,0,0,1,0,0,49.82714285714286,-4.587142857142858
2023-05-30 00:00:00,2023-05,0,1,1,1,44.68,-0.5600000000000023,17.46,0.0016644929182328236,0.28623145498963043,-0.03935288550625225,-0.11169999999999991,91.91,141.36,1.4276833430079439,0,0,0,0,0,49.82714285714286,-5.14714285714286
2023-05-31 00:00:00,2023-05,0,2,1,2,43.93,-0.75,17.94,-0.6127372232971846,-2.388215734093636,0.15444314814773644,-0.04400000000000004,91.39,136.02,1.679255556693368,0,0,0,0,0,49.82714285714286,-5.89714285714286
2023-06-01 00:00:00,2023-05,0,3,1,3,42.13,-1.7999999999999972,15.65,0.9806229149665344,-0.9216627788554237,-0.7369456978485547,-0.04759999999999964,85.07,124.63,1.6730468493796093,0,0,0,0,0,49.82714285714286,-7.6971428571428575
2023-06-02 00:00:00,2023-05,0,4,1,4,41.4,-0.730000000000004,14.6,1.442978965214366,1.1666688608208475,0.4383964627009099,0.0956999999999999,86.16,120.95,1.6678678986579625,0,0,0,0,0,49.82714285714286,-8.427142857142861
2023-06-05 00:00:00,2023-05,0,5,1,5,40.11,-1.2899999999999991,14.73,-0.20055732655681105,-6.082441424859055,-0.01249897846515821,-0.007600000000000051,85.77,119.08,2.5791704138916156,0,0,0,0,0,49.82714285714286,-9.71714285714286
2023-06-06 00:00:00,2023-05,0,6,1,6,43.65,3.539999999999999,13.96,0.23511165774900328,4.958375688307479,0.11819707613122452,-0.02289999999999992,85.74,114.42,3.4167342017183198,0,0,0,0,0,49.82714285714286,-6.1771428571428615
2023-06-07 00:00:00,2023-05,0,7,1,7,45.63,1.980000000000004,13.94,-0.3819275706767389,-2.182434957231521,-0.02497310601575312,0.1349999999999998,84.0,120.5,3.42860270596059,0,0,0,0,0,49.82714285714286,-4.1971428571428575
2023-06-08 00:00:00,2023-05,0,8,1,8,41.35,-4.280000000000001,13.65,0.616953524709693,1.0640941002032123,-0.7288816604047692,-0.0772999999999997,87.63,115.11,3.4795448275931125,0,0,0,0,0,49.82714285714286,-8.477142857142859
2023-06-09 00:00:00,2023-05,0,9,1,9,40.8,-0.5500000000000043,13.83,0.11474737636884458,-0.7574730702824808,0.2068632927145012,0.02149999999999963,89.7,115.77,3.3955131161559566,0,0,0,0,0,49.82714285714286,-9.027142857142863
2023-06-12 00:00:00,2023-05,0,10,1,10,46.45,5.650000000000006,15.01,0.9277902665684432,-0.9259183044146151,0.09362438006231329,-0.0038000000000000256,92.83,119.8,3.3956238067188336,0,1,0,0,0,49.82714285714286,-3.3771428571428572
2023-06-13 00:00:00,2023-05,0,11,1,11,45.38,-1.0700000000000003,14.61,0.6908664883365828,-0.17729551937786997,-0.3053260468905242,0.0777000000000001,92.1,118.8,3.3300243210165497,1,1,0,0,0,49.82714285714286,-4.4471428571428575
2023-06-14 00:00:00,2023-05,0,12,1,12,44.66,-0.720000000000006,13.88,0.0819072069219616,-3.6262409401499474,-0.37811627028359945,-0.027099999999999902,91.91,114.37,2.7296364243731888,1,1,0,0,0,49.82714285714286,-5.1671428571428635
2023-06-15 00:00:00,2023-05,0,13,1,13,46.63,1.970000000000006,14.5,1.2104580063652604,2.4544108998617475,-0.8124377209707258,-0.0697000000000001,93.95,107.34,2.002923876668749,1,0,0,0,0,49.82714285714286,-3.1971428571428575
2023-06-16 00:00:00,2023-05,0,14,1,14,45.06,-1.5700000000000003,13.54,-0.367837633765043,3.2604967006686034,0.12527037526189716,0.04479999999999995,90.69,104.43,2.3152005498658514,0,0,0,0,0,49.82714285714286,-4.767142857142858
2023-06-09 00:00:00,2023-06,1,-14,0,0,40.8,-0.5500000000000043,13.83,0.11474737636884458,-0.7574730702824808,0.2068632927145012,0.02149999999999963,89.7,115.77,3.3955131161559566,0,0,0,0,0,47.97642857142857,-7.176428571428573
2023-06-12 00:00:00,2023-06,1,-13,0,0,46.45,5.650000000000006,15.01,0.9277902665684432,-0.9259183044146151,0.09362438006231329,-0.0038000000000000256,92.83,119.8,3.3956238067188336,0,1,0,0,0,47.97642857142857,-1.5264285714285677
2023-06-13 00:00:00,2023-06,1,-12,0,0,45.38,-1.0700000000000003,14.61,0.6908664883365828,-0.17729551937786997,-0.3053260468905242,0.0777000000000001,92.1,118.8,3.3300243210165497,1,1,0,0,0,47.97642857142857,-2.596428571428568
2023-06-14 00:00:00,2023-06,1,-11,0,0,44.66,-0.720000000000006,13.88,0.0819072069219616,-3.6262409401499474,-0.37811627028359945,-0.027099999999999902,91.91,114.37,2.7296364243731888,1,1,0,0,0,47.97642857142857,-3.316428571428574
2023-06-15 00:00:00,2023-06,1,-10,0,0,46.63,1.970000000000006,14.5,1.2104580063652604,2.4544108998617475,-0.8124377209707258,-0.0697000000000001,93.95,107.34,2.002923876668749,1,0,0,0,0,47.97642857142857,-1.346428571428568
2023-06-16 00:00:00,2023-06,1,-9,0,0,45.06,-1.5700000000000003,13.54,-0.367837633765043,3.2604967006686034,0.12527037526189716,0.04479999999999995,90.69,104.43,2.3152005498658514,0,0,0,0,0,47.97642857142857,-2.9164285714285683
2023-06-20 00:00:00,2023-06,1,-8,0,0,52.71,7.649999999999999,13.88,-0.4746380368690653,5.2892709891854075,0.017555666136326694,-0.04059999999999997,96.26,114.19,3.024756932361011,0,0,0,0,0,47.97642857142857,4.73357142857143
2023-06-21 00:00:00,2023-06,1,-7,0,0,55.83,3.1199999999999974,13.2,-0.5259081846186578,6.246579428092469,-0.4584316790138378,-0.0017999999999998018,92.73,110.84,3.5424078218773873,0,0,0,0,0,47.97642857142857,7.853571428571428
2023-06-22 00:00:00,2023-06,1,-6,0,0,51.05,-4.780000000000001,12.91,0.3703885765053952,0.5716751645739762,0.3081334943130903,0.07569999999999988,90.64,107.7,3.3932124748340557,0,0,0,0,0,47.97642857142857,3.0735714285714266
2023-06-23 00:00:00,2023-06,1,-5,0,0,52.71,1.6600000000000037,13.44,-0.7688274822307147,2.5258500538227553,0.5036812425422492,-0.05989999999999984,92.34,105.74,3.254760535778457,0,0,0,0,0,47.97642857142857,4.73357142857143
2023-06-26 00:00:00,2023-06,1,-4,0,0,49.51,-3.200000000000003,14.25,-0.4496875789266097,-0.7274772534491613,-0.2052579820327029,-0.013500000000000068,95.42,109.02,2.4457613861094467,0,0,0,0,0,47.97642857142857,1.5335714285714275
2023-06-27 00:00:00,2023-06,1,-3,0,0,48.92,-0.5899999999999963,13.74,1.13906572305121,1.6182966445002622,-0.19494703616320988,0.04269999999999996,91.33,110.85,2.4857119804821375,0,0,0,0,0,47.97642857142857,0.9435714285714312
2023-06-28 00:00:00,2023-06,1,-2,0,0,48.44,-0.480000000000004,13.43,-0.03540724651995093,-1.8142573299087608,0.4021485772412958,-0.05609999999999982,85.79,108.3,2.980233205190148,0,0,1,0,0,47.97642857142857,0.4635714285714272
2023-06-29 00:00:00,2023-06,1,-1,0,0,43.52,-4.919999999999995,13.54,0.446355020531417,0.9797029134878106,0.42376437374277554,0.13049999999999962,85.26,113.45,2.598143257606328,0,0,1,0,0,47.97642857142857,-4.456428571428567
2023-06-30 00:00:00,2023-06,1,0,1,0,46.06,2.539999999999999,13.59,1.2194363266362707,-0.03141893357086695,-0.4169622145404692,-0.0015999999999998238,83.11,110.64,1.4557031288555804,0,0,1,1,0,47.97642857142857,-1.9164285714285683
2023-07-03 00:00:00,2023-06,1,1,1,1,49.05,2.989999999999995,13.57,0.11700018289601843,1.7385114914752693,0.07382224716026825,0.017799999999999816,84.17,110.77,1.5370207400274862,0,0,0,1,1,47.97642857142857,1.0735714285714266
2023-07-05 00:00:00,2023-06,1,2,1,2,46.45,-2.5999999999999943,14.18,-0.19702536362673942,-1.0997202446932628,0.3236248779208325,0.0770000000000004,87.76,110.53,1.3886043511204682,0,0,0,1,2,47.97642857142857,-1.5264285714285677
2023-07-06 00:00:00,2023-06,1,3,1,3,47.96,1.509999999999998,15.44,-0.7954065287478301,-0.5087657974438856,-0.20044647190933457,0.09759999999999946,95.3,134.63,1.3693458410993395,0,0,0,1,3,47.97642857142857,-0.016428571428569683
2023-07-07 00:00:00,2023-06,1,4,1,4,45.04,-2.9200000000000017,14.83,-0.28692926136023467,-0.14359205693199814,-0.8703410696366009,0.03250000000000064,94.49,130.41,1.20090867064609,0,0,0,1,4,47.97642857142857,-2.9364285714285714
2023-07-10 00:00:00,2023-06,1,5,1,5,44.26,-0.7800000000000011,15.07,0.24022317330228152,1.9178407655970304,-0.29376649081182626,-0.06780000000000053,95.33,131.73,1.1538157821928539,0,0,0,1,5,47.97642857142857,-3.7164285714285725
2023-07-11 00:00:00,2023-06,1,6,1,6,43.96,-0.29999999999999716,14.84,0.6719588071620385,-0.6753418619496095,-0.23563612992259245,-0.0237999999999996,95.21,127.07,1.1861416801615543,0,1,0,1,6,47.97642857142857,-4.01642857142857
2023-07-12 00:00:00,2023-06,1,7,1,7,41.26,-2.700000000000003,13.54,0.7383817501052891,-0.7448181578178743,-1.1975243601501715,-0.11270000000000024,95.85,114.07,1.2360381015256947,0,1,0,1,7,47.97642857142857,-6.7164285714285725
2023-07-13 00:00:00,2023-06,1,8,1,8,45.15,3.8900000000000006,13.61,0.8434509266769535,3.350479191905109,-0.7499123969493239,-0.0939000000000001,96.43,111.75,1.6721173888218388,0,1,0,1,8,47.97642857142857,-2.826428571428572
2023-07-14 00:00:00,2023-06,1,9,1,9,42.21,-2.9399999999999977,13.34,-0.10249061954501162,-3.832135347237922,0.1442279050520073,0.06879999999999997,94.89,112.48,2.2664782392430434,0,0,0,1,9,47.97642857142857,-5.76642857142857
2023-07-17 00:00:00,2023-06,1,10,1,10,42.9,0.6899999999999977,13.48,0.3847943597379543,-1.18063110341838,-0.07208795041751034,-0.025399999999999867,95.98,113.5,2.301084931799706,0,0,0,1,10,47.97642857142857,-5.076428571428572
2023-07-18 00:00:00,2023-06,1,11,1,11,42.67,-0.22999999999999687,13.3,0.7092079866132412,-0.4951781008422134,0.09910753978406743,-0.021500000000000075,92.99,112.45,2.3038179259251765,0,0,0,1,11,47.97642857142857,-5.306428571428569
2023-07-19 00:00:00,2023-06,1,12,1,12,40.53,-2.1400000000000006,13.76,0.23550834835142126,0.6119082934225899,0.3396233448951464,-0.03699999999999992,93.57,107.19,2.1478221114159832,0,0,0,1,12,47.97642857142857,-7.446428571428569
2023-07-20 00:00:00,2023-06,1,13,1,13,41.62,1.0899999999999963,13.99,-0.6779806181851591,-0.7700371243952145,0.5955446338111029,0.10199999999999987,94.06,112.85,2.1499685514027433,0,0,0,1,13,47.97642857142857,-6.356428571428573
2023-07-21 00:00:00,2023-06,1,14,1,14,38.76,-2.8599999999999994,13.6,0.03241023001049327,0.4919108460181713,0.1891548513739723,-0.015399999999999636,93.36,106.66,2.1711867424858164,0,0,0,1,14,47.97642857142857,-9.216428571428573
2023-07-10 00:00:00,2023-07,0,-14,0,0,44.26,-0.7800000000000011,15.07,0.24022317330228152,1.9178407655970304,-0.29376649081182626,-0.06780000000000053,95.33,131.73,1.1538157821928539,0,0,0,0,0,40.989285714285714,3.270714285714284
2023-07-11 00:00:00,2023-07,0,-13,0,0,43.96,-0.29999999999999716,14.84,0.6719588071620385,-0.6753418619496095,-0.23563612992259245,-0.0237999999999996,95.21,127.07,1.1861416801615543,0,1,0,0,0,40.989285714285714,2.970714285714287
2023-07-12 00:00:00,2023-07,0,-12,0,0,41.26,-2.700000000000003,13.54,0.7383817501052891,-0.7448181578178743,-1.1975243601501715,-0.11270000000000024,95.85,114.07,1.2360381015256947,0,1,0,0,0,40.989285714285714,0.27071428571428413
2023-07-13 00:00:00,2023-07,0,-11,0,0,45.15,3.8900000000000006,13.61,0.8434509266769535,3.350479191905109,-0.7499123969493239,-0.0939000000000001,96.43,111.75,1.6721173888218388,0,1,0,0,0,40.989285714285714,4.160714285714285
2023-07-14 00:00:00,2023-07,0,-10,0,0,42.21,-2.9399999999999977,13.34,-0.10249061954501162,-3.832135347237922,0.1442279050520073,0.06879999999999997,94.89,112.48,2.2664782392430434,0,0,0,0,0,40.989285714285714,1.220714285714287
2023-07-17 00:00:00,2023-07,0,-9,0,0,42.9,0.6899999999999977,13.48,0.3847943597379543,-1.18063110341838,-0.07208795041751034,-0.025399999999999867,95.98,113.5,2.301084931799706,0,0,0,0,0,40.989285714285714,1.9107142857142847
2023-07-18 00:00:00,2023-07,0,-8,0,0,42.67,-0.22999999999999687,13.3,0.7092079866132412,-0.4951781008422134,0.09910753978406743,-0.021500000000000075,92.99,112.45,2.3038179259251765,0,0,0,0,0,40.989285714285714,1.6807142857142878
2023-07-19 00:00:00,2023-07,0,-7,0,0,40.53,-2.1400000000000006,13.76,0.23550834835142126,0.6119082934225899,0.3396233448951464,-0.03699999999999992,93.57,107.19,2.1478221114159832,0,0,0,0,0,40.989285714285714,-0.45928571428571274
2023-07-20 00:00:00,2023-07,0,-6,0,0,41.62,1.0899999999999963,13.99,-0.6779806181851591,-0.7700371243952145,0.5955446338111029,0.10199999999999987,94.06,112.85,2.1499685514027433,0,0,0,0,0,40.989285714285714,0.6307142857142836
2023-07-21 00:00:00,2023-07,0,-5,0,0,38.76,-2.8599999999999994,13.6,0.03241023001049327,0.4919108460181713,0.1891548513739723,-0.015399999999999636,93.36,106.66,2.1711867424858164,0,0,0,0,0,40.989285714285714,-2.229285714285716
2023-07-24 00:00:00,2023-07,0,-4,0,0,38.25,-0.509999999999998,13.91,0.40259740353417467,-3.37272592298797,0.2717164755859113,0.037599999999999856,91.74,109.95,1.7546786609073888,0,0,0,0,0,40.989285714285714,-2.739285714285714
2023-07-25 00:00:00,2023-07,0,-3,0,0,37.77,-0.4799999999999969,13.86,0.28107581456501535,0.28988521687695523,0.0029601124844992224,0.01200000000000001,90.0,113.02,1.3850815156583072,1,0,0,0,0,40.989285714285714,-3.2192857142857108
2023-07-26 00:00:00,2023-07,0,-2,0,0,38.15,0.37999999999999545,13.19,-0.015545953102232802,1.2230518849288854,-0.4568927428261967,-0.01770000000000005,85.38,104.88,1.5180106346460875,1,0,1,0,0,40.989285714285714,-2.8392857142857153
2023-07-27 00:00:00,2023-07,0,-1,0,0,36.36,-1.7899999999999991,14.41,-0.6445427491141288,-1.517054512517812,0.8743764381755815,0.13140000000000018,94.05,111.15,1.5886629717322265,1,0,1,0,0,40.989285714285714,-4.6292857142857144
2023-07-28 00:00:00,2023-07,0,0,1,0,35.47,-0.8900000000000006,13.33,0.9829414508767577,0.6788274337725864,-0.14847958675625778,-0.04750000000000032,87.38,109.76,1.5961943280832631,0,0,1,0,0,40.989285714285714,-5.519285714285715
2023-07-31 00:00:00,2023-07,0,1,1,1,36.77,1.3000000000000043,13.63,0.1467639686456588,-0.2202196964106511,0.22901861324816458,0.008100000000000218,86.68,112.03,1.5899106986742237,0,0,0,0,0,40.989285714285714,-4.219285714285711
2023-08-01 00:00:00,2023-07,0,2,1,2,36.56,-0.21000000000000085,13.93,-0.2668649552448092,0.0208149035460537,0.43887647712718675,0.06419999999999959,87.49,116.38,1.5581542593670814,0,0,0,0,0,40.989285714285714,-4.429285714285712
2023-08-02 00:00:00,2023-07,0,3,1,3,36.82,0.259999999999998,16.09,-1.3936235197657028,-0.31916961464322485,0.2801464058828522,0.05449999999999999,96.2,115.15,0.865011274508257,0,0,0,0,0,40.989285714285714,-4.169285714285714
2023-08-03 00:00:00,2023-07,0,4,1,4,36.21,-0.6099999999999994,15.92,-0.2551225527671505,0.5657086305923759,-0.04679913507016163,0.09759999999999991,94.04,124.6,0.8852765057546224,0,0,0,0,0,40.989285714285714,-4.779285714285713
2023-08-04 00:00:00,2023-07,0,5,1,5,34.37,-1.8400000000000034,17.1,-0.5314091027456737,-1.1930891510725965,-0.5133004685327979,-0.14129999999999932,99.63,115.91,0.826047094245818,0,0,0,0,0,40.989285714285714,-6.619285714285716
2023-08-07 00:00:00,2023-07,0,6,1,6,36.29,1.9200000000000017,15.77,0.8983583955258645,0.2181452007301884,0.029402540591321396,0.05469999999999953,92.99,120.94,0.6316414043742333,0,0,0,0,0,40.989285714285714,-4.699285714285715
2023-08-08 00:00:00,2023-07,0,7,1,7,39.85,3.5600000000000023,15.99,-0.4227192022498048,2.790246720639529,0.4702440536334354,-0.06649999999999956,94.91,118.74,1.240418395664947,0,0,0,0,0,40.989285714285714,-1.1392857142857125
2023-08-09 00:00:00,2023-07,0,8,1,8,38.73,-1.1200000000000045,15.96,-0.7063636404007057,-1.684519554133941,-0.03706991623678117,-0.013900000000000468,97.43,112.55,1.443018593050043,0,1,0,0,0,40.989285714285714,-2.259285714285717
2023-08-10 00:00:00,2023-07,0,9,1,9,36.2,-2.529999999999994,15.85,0.025065629558288106,-0.21163102083654306,0.03316846684783846,0.09740000000000038,99.78,108.64,1.4466566736377948,0,1,0,0,0,40.989285714285714,-4.789285714285711
2023-08-11 00:00:00,2023-07,0,10,1,10,32.74,-3.460000000000001,14.84,-0.10702036647139679,-0.11576645718857753,0.30969123823603284,0.04669999999999952,96.68,112.13,1.4406529905893306,0,1,0,0,0,40.989285714285714,-8.249285714285712
2023-08-14 00:00:00,2023-07,0,11,1,11,35.01,2.269999999999996,14.82,0.5733913274737527,-0.1265594863163538,0.33781192333127114,0.03910000000000036,95.33,119.94,1.4232251300497374,0,0,0,0,0,40.989285714285714,-5.979285714285716
2023-08-15 00:00:00,2023-07,0,12,1,12,34.58,-0.4299999999999997,16.46,-1.1618060736365814,-0.6669836907831159,0.018410941965489286,0.019700000000000273,103.28,121.8,1.365275386620466,0,0,0,0,0,40.989285714285714,-6.409285714285716
2023-08-16 00:00:00,2023-07,0,13,1,13,36.56,1.980000000000004,16.78,-0.7584130338210396,-0.7956750380902504,0.21486651704421067,0.03939999999999966,104.54,117.24,1.3953088935667333,0,0,0,0,0,40.989285714285714,-4.429285714285712
2023-08-17 00:00:00,2023-07,0,14,1,14,52.3,15.739999999999995,17.89,-0.7742762356125065,-4.590184208826758,0.1362299307800966,0.023699999999999832,106.74,121.14,1.6059359834812748,0,0,0,0,0,40.989285714285714,11.310714285714283
2023-08-07 00:00:00,2023-08,0,-14,0,0,36.29,1.9200000000000017,15.77,0.8983583955258645,0.2181452007301884,0.029402540591321396,0.05469999999999953,92.99,120.94,0.6316414043742333,0,0,0,0,0,39.69285714285714,-3.402857142857144
2023-08-08 00:00:00,2023-08,0,-13,0,0,39.85,3.5600000000000023,15.99,-0.4227192022498048,2.790246720639529,0.4702440536334354,-0.06649999999999956,94.91,118.74,1.240418395664947,0,0,0,0,0,39.69285714285714,0.15714285714285836
2023-08-09 00:00:00,2023-08,0,-12,0,0,38.73,-1.1200000000000045,15.96,-0.7063636404007057,-1.684519554133941,-0.03706991623678117,-0.013900000000000468,97.43,112.55,1.443018593050043,0,1,0,0,0,39.69285714285714,-0.9628571428571462
2023-08-10 00:00:00,2023-08,0,-11,0,0,36.2,-2.529999999999994,15.85,0.025065629558288106,-0.21163102083654306,0.03316846684783846,0.09740000000000038,99.78,108.64,1.4466566736377948,0,1,0,0,0,39.69285714285714,-3.49285714285714
2023-08-11 00:00:00,2023-08,0,-10,0,0,32.74,-3.460000000000001,14.84,-0.10702036647139679,-0.11576645718857753,0.30969123823603284,0.04669999999999952,96.68,112.13,1.4406529905893306,0,1,0,0,0,39.69285714285714,-6.952857142857141
2023-08-14 00:00:00,2023-08,0,-9,0,0,35.01,2.269999999999996,14.82,0.5733913274737527,-0.1265594863163538,0.33781192333127114,0.03910000000000036,95.33,119.94,1.4232251300497374,0,0,0,0,0,39.69285714285714,-4.682857142857145
2023-08-15 00:00:00,2023-08,0,-8,0,0,34.58,-0.4299999999999997,16.46,-1.1618060736365814,-0.6669836907831159,0.018410941965489286,0.019700000000000273,103.28,121.8,1.365275386620466,0,0,0,0,0,39.69285714285714,-5.112857142857145
2023-08-16 00:00:00,2023-08,0,-7,0,0,36.56,1.980000000000004,16.78,-0.7584130338210396,-0.7956750380902504,0.21486651704421067,0.03939999999999966,104.54,117.24,1.3953088935667333,0,0,0,0,0,39.69285714285714,-3.132857142857141
2023-08-17 00:00:00,2023-08,0,-6,0,0,52.3,15.739999999999995,17.89,-0.7742762356125065,-4.590184208826758,0.1362299307800966,0.023699999999999832,106.74,121.14,1.6059359834812748,0,0,0,0,0,39.69285714285714,12.607142857142854
2023-08-18 00:00:00,2023-08,0,-5,0,0,43.58,-8.719999999999999,17.3,-0.01487402277551532,-5.848285185339433,-0.19038696816655068,-0.01949999999999985,97.28,120.51,2.401996676229715,0,0,0,0,0,39.69285714285714,3.8871428571428552
2023-08-21 00:00:00,2023-08,0,-4,0,0,42.63,-0.9499999999999957,17.13,0.6855621481266927,-0.47127903949177213,-0.07257772182625374,0.08330000000000037,95.24,130.69,2.3758735098328363,0,0,0,0,0,39.69285714285714,2.9371428571428595
2023-08-22 00:00:00,2023-08,0,-3,0,0,42.13,-0.5,16.97,-0.27812820922299764,-0.9726305202915987,0.25427470519480977,-0.0138000000000007,92.62,126.65,2.2952143073618654,0,0,0,0,0,39.69285714285714,2.4371428571428595
2023-08-23 00:00:00,2023-08,0,-2,0,0,43.38,1.25,15.98,1.098433903027149,2.80204227707226,-0.13914255658249206,-0.13229999999999986,88.99,118.4,2.8720057268667563,0,0,0,0,0,39.69285714285714,3.6871428571428595
2023-08-24 00:00:00,2023-08,0,-1,0,0,41.72,-1.6600000000000037,17.2,-1.3549420207499292,-2.1865828791801936,0.542910962704069,0.045399999999999885,92.17,117.56,2.8553876206122504,0,0,0,0,0,39.69285714285714,2.027142857142856
2023-08-25 00:00:00,2023-08,0,0,1,0,36.31,-5.409999999999997,15.68,0.6695523315478111,0.12388245697666662,0.09132025685215449,-0.0017999999999993577,84.32,110.37,2.9254656312951206,0,0,0,0,0,39.69285714285714,-3.382857142857141
2023-08-28 00:00:00,2023-08,0,1,1,1,36.42,0.10999999999999943,15.08,0.6245056511156882,-0.39192876918008046,-0.018257381077438472,-0.03340000000000032,82.23,110.45,2.623041981008811,0,0,0,0,0,39.69285714285714,-3.2728571428571414
2023-08-29 00:00:00,2023-08,0,2,1,2,40.6,4.18,14.45,1.440410798415081,5.968476740779935,-0.5077351229101957,-0.08230000000000004,79.05,110.68,2.7749319742202254,0,0,1,0,0,39.69285714285714,0.9071428571428584
2023-08-30 00:00:00,2023-08,0,3,1,3,38.18,-2.4200000000000017,13.88,0.38258021699069605,-1.1903895085032195,-0.3618985216281932,-0.005799999999999805,78.63,109.84,2.837943253777875,0,0,1,0,0,39.69285714285714,-1.5128571428571433
2023-08-31 00:00:00,2023-08,0,4,1,4,35.98,-2.200000000000003,13.57,-0.15982216816604763,-4.657652398401661,0.44686111423611186,-0.005799999999999805,80.8,107.93,3.452142800106672,0,0,1,0,0,39.69285714285714,-3.712857142857146
2023-09-01 00:00:00,2023-08,0,5,1,5,36.09,0.11000000000000654,13.09,0.17975431036151848,-0.9795982196714068,0.5936848401428404,0.07069999999999954,82.65,102.92,3.242284023704214,0,0,0,0,0,39.69285714285714,-3.6028571428571396
2023-09-05 00:00:00,2023-08,0,6,1,6,39.79,3.6999999999999957,14.01,-0.42030108696102647,-0.4751423195920169,0.5463004454549301,0.0810000000000004,86.43,109.64,3.154916937274014,0,0,0,0,0,39.69285714285714,0.09714285714285609
2023-09-06 00:00:00,2023-08,0,7,1,7,39.41,-0.38000000000000256,14.45,-0.6995992744252874,-0.14037783635057927,0.05151000743459544,0.019899999999999807,87.85,111.31,3.1515711916427454,0,0,0,0,0,39.69285714285714,-0.28285714285714647
2023-09-07 00:00:00,2023-08,0,8,1,8,39.74,0.3300000000000054,14.4,-0.3216468205008196,1.2858644046136445,0.1886433486255696,-0.03559999999999963,87.65,105.2,3.2038232502560176,0,0,0,0,0,39.69285714285714,0.04714285714285893
2023-09-08 00:00:00,2023-08,0,9,1,9,40.0,0.259999999999998,13.84,0.14255841976643818,-0.3853272338581447,0.029502876744464435,0.019999999999999574,85.27,104.34,1.8258616777293037,0,0,0,0,0,39.69285714285714,0.30714285714285694
2023-09-11 00:00:00,2023-08,0,10,1,10,44.33,4.329999999999998,13.8,0.6701012782986727,-2.871553594941476,-0.49699852849049786,0.023900000000000254,85.19,107.23,1.9699840931697798,0,0,0,0,0,39.69285714285714,4.637142857142855
2023-09-12 00:00:00,2023-08,0,11,1,11,43.57,-0.759999999999998,14.23,-0.5712155841120605,3.8589089400903354,0.1357033847396511,-0.00790000000000024,85.63,105.11,2.0869338030974403,0,1,0,0,0,39.69285714285714,3.8771428571428572
2023-09-13 00:00:00,2023-08,0,12,1,12,44.05,0.4799999999999969,13.48,0.12408533465711885,0.5790436020745724,0.052511732804890736,-0.03160000000000007,84.97,101.86,2.0424659507451133,0,1,0,0,0,39.69285714285714,4.357142857142854
2023-09-14 00:00:00,2023-08,0,13,1,13,41.71,-2.3399999999999963,12.82,0.8394550741111827,1.3368365278600125,0.6080781544225269,0.037799999999999834,82.48,97.11,2.0479193971350487,0,1,0,0,0,39.69285714285714,2.017142857142858
2023-09-15 00:00:00,2023-08,0,14,1,14,39.14,-2.5700000000000003,13.79,-1.2234084667107636,-0.6053179882203328,-0.07877491189276066,0.04610000000000003,84.84,96.61,2.0803169335213587,0,0,0,0,0,39.69285714285714,-0.5528571428571425
2023-09-11 00:00:00,2023-09,1,-14,0,0,44.33,4.329999999999998,13.8,0.6701012782986727,-2.871553594941476,-0.49699852849049786,0.023900000000000254,85.19,107.23,1.9699840931697798,0,0,0,0,0,40.792142857142856,3.537857142857142
2023-09-12 00:00:00,2023-09,1,-13,0,0,43.57,-0.759999999999998,14.23,-0.5712155841120605,3.8589089400903354,0.1357033847396511,-0.00790000000000024,85.63,105.11,2.0869338030974403,0,1,0,0,0,40.792142857142856,2.777857142857144
2023-09-13 00:00:00,2023-09,1,-12,0,0,44.05,0.4799999999999969,13.48,0.12408533465711885,0.5790436020745724,0.052511732804890736,-0.03160000000000007,84.97,101.86,2.0424659507451133,0,1,0,0,0,40.792142857142856,3.257857142857141
2023-09-14 00:00:00,2023-09,1,-11,0,0,41.71,-2.3399999999999963,12.82,0.8394550741111827,1.3368365278600125,0.6080781544225269,0.037799999999999834,82.48,97.11,2.0479193971350487,0,1,0,0,0,40.792142857142856,0.9178571428571445
2023-09-15 00:00:00,2023-09,1,-10,0,0,39.14,-2.5700000000000003,13.79,-1.2234084667107636,-0.6053179882203328,-0.07877491189276066,0.04610000000000003,84.84,96.61,2.0803169335213587,0,0,0,0,0,40.792142857142856,-1.6521428571428558
2023-09-18 00:00:00,2023-09,1,-9,0,0,41.48,2.3399999999999963,14.0,0.0721036436838388,1.2318089135113266,-0.1140012663604076,-0.029799999999999827,84.77,99.32,2.0768244214055245,0,0,0,0,0,40.792142857142856,0.6878571428571405
2023-09-19 00:00:00,2023-09,1,-8,0,0,42.53,1.0500000000000043,14.11,-0.21534195529618974,1.5465774091546707,-0.06560962509820574,0.05600000000000005,83.54,101.31,2.075805893059716,1,0,0,0,0,40.792142857142856,1.7378571428571448
2023-09-20 00:00:00,2023-09,1,-7,0,0,43.01,0.4799999999999969,15.14,-0.9439204623110126,-0.35854137425822064,0.18530754467639543,0.0484,88.05,97.04,1.4826537507762547,1,0,0,0,0,40.792142857142856,2.2178571428571416
2023-09-21 00:00:00,2023-09,1,-6,0,0,41.37,-1.6400000000000006,17.54,-1.6536873951468019,-1.8363778795715977,0.033224010823378586,0.08720000000000017,94.44,106.0,1.2507628129011916,1,0,0,0,0,40.792142857142856,0.5778571428571411
2023-09-22 00:00:00,2023-09,1,-5,0,0,37.29,-4.079999999999998,17.2,-0.22982509659402744,-0.24080099946943173,0.20858426304697997,-0.06050000000000022,90.54,101.11,1.255440060085354,0,0,0,0,0,40.792142857142856,-3.5021428571428572
2023-09-25 00:00:00,2023-09,1,-4,0,0,39.25,1.9600000000000009,16.9,0.4015021275818627,-0.8190639127704655,0.3922852545312747,0.09970000000000034,91.74,117.33,1.178854864429414,0,0,0,0,0,40.792142857142856,-1.5421428571428564
2023-09-26 00:00:00,2023-09,1,-3,0,0,38.67,-0.5799999999999983,18.94,-1.4844128717961365,-0.5382432939781014,0.21957422747432617,0.0021999999999993136,103.04,117.72,1.1748458214712696,0,0,0,0,0,40.792142857142856,-2.1221428571428547
2023-09-27 00:00:00,2023-09,1,-2,0,0,36.06,-2.6099999999999994,18.22,0.022929233000634007,0.34585049605959833,0.4086488821850479,0.0719000000000003,97.09,122.09,1.0420226109300958,0,0,1,0,0,40.792142857142856,-4.732142857142854
2023-09-28 00:00:00,2023-09,1,-1,0,0,38.63,2.5700000000000003,17.34,0.587577688747319,3.190337187020515,-0.41523851293275726,-0.03270000000000017,93.72,115.24,1.5709780612757769,0,0,1,0,0,40.792142857142856,-2.162142857142854
2023-09-29 00:00:00,2023-09,1,0,1,0,33.04,-5.590000000000003,17.52,-0.2713168675515421,-0.6895059034220551,-0.047081423481962426,-0.0036999999999993705,94.1,113.55,1.5871758760507222,0,0,1,1,0,40.792142857142856,-7.752142857142857
2023-10-02 00:00:00,2023-09,1,1,1,1,38.17,5.130000000000003,17.61,0.007928697692236147,2.6475771222072937,0.6851977736775782,0.10739999999999927,95.39,127.59,1.6649791572628818,0,0,0,1,1,40.792142857142856,-2.6221428571428547
2023-10-03 00:00:00,2023-09,1,2,1,2,37.96,-0.21000000000000085,19.78,-1.3839410161483796,-1.613250056017989,0.08975989831465184,0.11699999999999999,104.39,141.67,1.845545406456621,0,0,0,1,2,40.792142857142856,-2.8321428571428555
2023-10-04 00:00:00,2023-09,1,3,1,3,37.28,-0.6799999999999997,18.58,0.8077093787000134,0.9556839013624835,-0.18802712755277765,-0.06259999999999977,95.58,128.23,1.77712484508222,0,0,0,1,3,40.792142857142856,-3.5121428571428552
2023-10-05 00:00:00,2023-09,1,4,1,4,36.75,-0.5300000000000011,18.49,-0.13048673867472557,-0.6553680526785882,-0.4382288333212858,-0.01440000000000019,95.59,130.18,1.7902849973834563,0,0,0,1,4,40.792142857142856,-4.042142857142856
2023-10-06 00:00:00,2023-09,1,5,1,5,35.06,-1.6899999999999977,17.45,1.1745628333713316,1.8612776336963424,-0.2712172529297972,0.0824000000000007,91.16,126.64,1.845578651226624,0,0,0,1,5,40.792142857142856,-5.732142857142854
2023-10-09 00:00:00,2023-09,1,6,1,6,36.81,1.75,17.7,0.6284032081045516,-1.2502894859358507,0.03677042567840885,0.0,92.03,,1.6448236370523837,0,0,0,1,6,40.792142857142856,-3.982142857142854
2023-10-10 00:00:00,2023-09,1,7,1,7,38.53,1.7199999999999989,17.03,0.5194458360886415,-0.6219516850777893,-0.24350201736643118,-0.1479000000000008,90.1,136.17,1.6390636362128348,0,0,0,1,7,40.792142857142856,-2.2621428571428552
2023-10-11 00:00:00,2023-09,1,8,1,8,36.88,-1.6499999999999986,16.09,0.4283828654568987,-2.5438809260452677,-0.004724893100186937,-0.09479999999999933,90.57,127.18,1.5107418347526929,0,1,0,1,8,40.792142857142856,-3.912142857142854
2023-10-12 00:00:00,2023-09,1,9,1,9,35.19,-1.6900000000000048,16.69,-0.6265948885271602,0.07699963713947079,0.7334593348718691,0.13870000000000005,91.87,126.37,1.4466699794539417,0,1,0,1,9,40.792142857142856,-5.602142857142859
2023-10-13 00:00:00,2023-09,1,10,1,10,35.37,0.17999999999999972,19.32,-0.5031477449688668,0.8892306827051971,0.04595609866715844,-0.08450000000000024,108.1,128.33,1.4371585888763112,0,1,0,1,10,40.792142857142856,-5.422142857142859
2023-10-16 00:00:00,2023-09,1,11,1,11,42.63,7.260000000000005,17.21,1.0538619453747615,4.313955637195814,-0.3804768530128338,0.09360000000000035,95.69,130.16,2.2446802377464476,0,0,0,1,11,40.792142857142856,1.8378571428571462
2023-10-17 00:00:00,2023-09,1,12,1,12,41.08,-1.5500000000000043,17.88,-0.009832133477993887,0.1900649128042029,0.00658845232786781,0.12809999999999988,95.8,130.17,2.148861514770818,0,0,0,1,12,40.792142857142856,0.2878571428571419
2023-10-18 00:00:00,2023-09,1,13,1,13,39.24,-1.8399999999999963,19.22,-1.349038622382619,-0.7031835717688508,0.29603198086758126,0.08079999999999998,105.89,129.17,2.0987829937933125,0,0,0,1,13,40.792142857142856,-1.5521428571428544
2023-10-19 00:00:00,2023-09,1,14,1,14,39.18,-0.060000000000002274,21.4,-0.8519009694152467,1.6426272036244502,-0.2932084913166512,0.07489999999999952,116.47,134.62,2.120223605981144,0,0,0,1,14,40.792142857142856,-1.6121428571428567
2023-10-09 00:00:00,2023-10,0,-14,0,0,36.81,1.75,17.7,0.6284032081045516,-1.2502894859358507,0.03677042567840885,0.0,92.03,,1.6448236370523837,0,0,0,0,0,43.722142857142856,-6.912142857142854
2023-10-10 00:00:00,2023-10,0,-13,0,0,38.53,1.7199999999999989,17.03,0.5194458360886415,-0.6219516850777893,-0.24350201736643118,-0.1479000000000008,90.1,136.17,1.6390636362128348,0,0,0,0,0,43.722142857142856,-5.192142857142855
2023-10-11 00:00:00,2023-10,0,-12,0,0,36.88,-1.6499999999999986,16.09,0.4283828654568987,-2.5438809260452677,-0.004724893100186937,-0.09479999999999933,90.57,127.18,1.5107418347526929,0,1,0,0,0,43.722142857142856,-6.8421428571428535
2023-10-12 00:00:00,2023-10,0,-11,0,0,35.19,-1.6900000000000048,16.69,-0.6265948885271602,0.07699963713947079,0.7334593348718691,0.13870000000000005,91.87,126.37,1.4466699794539417,0,1,0,0,0,43.722142857142856,-8.532142857142858
2023-10-13 00:00:00,2023-10,0,-10,0,0,35.37,0.17999999999999972,19.32,-0.5031477449688668,0.8892306827051971,0.04595609866715844,-0.08450000000000024,108.1,128.33,1.4371585888763112,0,1,0,0,0,43.722142857142856,-8.352142857142859
2023-10-16 00:00:00,2023-10,0,-9,0,0,42.63,7.260000000000005,17.21,1.0538619453747615,4.313955637195814,-0.3804768530128338,0.09360000000000035,95.69,130.16,2.2446802377464476,0,0,0,0,0,43.722142857142856,-1.0921428571428535
2023-10-17 00:00:00,2023-10,0,-8,0,0,41.08,-1.5500000000000043,17.88,-0.009832133477993887,0.1900649128042029,0.00658845232786781,0.12809999999999988,95.8,130.17,2.148861514770818,0,0,0,0,0,43.722142857142856,-2.642142857142858
2023-10-18 00:00:00,2023-10,0,-7,0,0,39.24,-1.8399999999999963,19.22,-1.349038622382619,-0.7031835717688508,0.29603198086758126,0.08079999999999998,105.89,129.17,2.0987829937933125,0,0,0,0,0,43.722142857142856,-4.482142857142854
2023-10-19 00:00:00,2023-10,0,-6,0,0,39.18,-0.060000000000002274,21.4,-0.8519009694152467,1.6426272036244502,-0.2932084913166512,0.07489999999999952,116.47,134.62,2.120223605981144,0,0,0,0,0,43.722142857142856,-4.542142857142856
2023-10-20 00:00:00,2023-10,0,-5,0,0,44.26,5.079999999999998,21.71,-1.266518618575799,2.9934495250513526,-0.08473938440190339,-0.07609999999999939,115.43,135.45,1.7778792082202823,0,0,0,0,0,43.722142857142856,0.5378571428571419
2023-10-23 00:00:00,2023-10,0,-4,0,0,55.37,11.11,20.37,-0.16869643388467898,5.463494161738581,-0.5923521918882624,-0.06350000000000033,109.0,131.83,2.2432357252828496,0,0,0,0,0,43.722142857142856,11.647857142857141
2023-10-24 00:00:00,2023-10,0,-3,0,0,54.19,-1.1799999999999997,18.97,0.7239491399759402,6.487421502436002,0.6930898447469943,-0.027300000000000324,98.54,128.13,2.6881115765864445,0,0,0,0,0,43.722142857142856,10.467857142857142
2023-10-25 00:00:00,2023-10,0,-2,0,0,58.36,4.170000000000002,20.19,-1.4443397939346891,3.0125522112409095,0.2424836008010757,0.13200000000000056,102.92,131.21,2.6191527884546177,0,0,1,0,0,43.722142857142856,14.637857142857143
2023-10-26 00:00:00,2023-10,0,-1,0,0,55.02,-3.3399999999999963,20.68,-1.1903071819740902,-1.4201050246572489,0.06944118892094375,-0.11040000000000028,101.97,130.94,2.9311728613568886,0,0,1,0,0,43.722142857142856,11.297857142857147
2023-10-27 00:00:00,2023-10,0,0,1,0,47.19,-7.830000000000005,21.27,-0.4811871761208667,-1.043725386918461,-0.04034509181630729,-0.00990000000000002,102.04,129.16,2.9952566246850902,0,0,1,0,0,43.722142857142856,3.4678571428571416
2023-10-30 00:00:00,2023-10,0,1,1,1,53.89,6.700000000000003,19.75,1.193854494797033,-0.43734190013829355,-0.41282930941220514,0.05959999999999965,95.23,131.9,3.185585696939896,0,0,0,0,0,43.722142857142856,10.167857142857144
2023-10-31 00:00:00,2023-10,0,2,1,2,54.76,0.8699999999999974,18.14,0.6454089207465981,0.6097820805778855,0.5103802265289601,0.0365000000000002,87.94,126.86,3.2078242478324035,1,0,0,0,0,43.722142857142856,11.037857142857142
2023-11-01 00:00:00,2023-10,0,3,1,3,59.78,5.020000000000003,16.87,1.0451180679737282,2.297098890214542,0.2069802702904188,-0.1966000000000001,85.08,120.55,2.8047474525672795,1,0,0,0,0,43.722142857142856,16.057857142857145
2023-11-02 00:00:00,2023-10,0,4,1,4,60.0,0.21999999999999886,15.66,1.8682956430735833,-1.5298171773589329,-0.7135912501028978,-0.07509999999999994,83.24,118.64,1.8278011778297412,1,0,0,0,0,43.722142857142856,16.277857142857144
2023-11-03 00:00:00,2023-10,0,5,1,5,57.89,-2.1099999999999994,14.91,0.9349869637436973,-0.8524536830891369,-1.0447891576514117,-0.08659999999999979,82.83,118.74,1.3666248139035995,0,0,0,0,0,43.722142857142856,14.167857142857144
2023-11-06 00:00:00,2023-10,0,6,1,6,57.36,-0.5300000000000011,14.89,0.17514263468030516,0.9981410375721469,0.18455455303971482,0.07069999999999954,84.33,121.74,1.3535252310396606,0,0,0,0,0,43.722142857142856,13.637857142857143
2023-11-07 00:00:00,2023-10,0,7,1,7,55.48,-1.8800000000000026,14.81,0.2836115693239983,1.3369533379027703,0.31031022684592696,-0.0766,83.43,120.09,1.3448822837788108,0,0,0,0,0,43.722142857142856,11.75785714285714
2023-11-08 00:00:00,2023-10,0,8,1,8,57.58,2.1000000000000014,14.45,0.10044332873557552,0.25892101512438465,0.048310323718852896,-0.07399999999999984,85.04,117.1,1.3023620625790338,0,0,0,0,0,43.722142857142856,13.857857142857142
2023-11-09 00:00:00,2023-10,0,9,1,9,58.87,1.2899999999999991,15.29,-0.8116762182437999,2.628552036038271,0.29975956593430947,0.1316000000000006,88.74,117.05,1.5456030249289459,0,0,0,0,0,43.722142857142856,15.147857142857141
2023-11-10 00:00:00,2023-10,0,10,1,10,56.84,-2.029999999999994,14.17,1.5495728650985885,2.0350303697014978,-0.04627640316610357,0.027699999999999392,85.66,116.79,1.5040432986030374,0,0,0,0,0,43.722142857142856,13.117857142857147
2023-11-13 00:00:00,2023-10,0,11,1,11,56.26,-0.5800000000000054,14.76,-0.08360910851978613,-1.8708386430994033,-0.21750240261789047,-0.0118999999999998,85.51,124.47,1.5911728626636352,0,1,0,0,0,43.722142857142856,12.537857142857142
2023-11-14 00:00:00,2023-10,0,12,1,12,56.24,-0.01999999999999602,14.16,1.8895282757298077,-2.518582953814218,-1.505150408156986,-0.19259999999999966,83.77,124.11,1.9394800259995284,0,1,0,0,0,43.722142857142856,12.517857142857146
2023-11-15 00:00:00,2023-10,0,13,1,13,60.51,4.269999999999996,14.18,0.15958076771483445,5.6328619190160545,0.3271817816466065,0.0840999999999994,84.91,122.19,2.7819545269129864,0,1,0,0,0,43.722142857142856,16.787857142857142
2023-11-16 00:00:00,2023-10,0,14,1,14,55.35,-5.159999999999997,14.32,0.11896413835666805,-4.5715436454425,-0.043115218902758407,-0.09589999999999943,83.23,116.08,3.493469090516028,0,0,0,0,0,43.722142857142856,11.627857142857145
2023-11-03 00:00:00,2023-11,0,-14,0,0,57.89,-2.1099999999999994,14.91,0.9349869637436973,-0.8524536830891369,-1.0447891576514117,-0.08659999999999979,82.83,118.74,1.3666248139035995,0,0,0,0,0,56.92428571428571,0.9657142857142915
2023-11-06 00:00:00,2023-11,0,-13,0,0,57.36,-0.5300000000000011,14.89,0.17514263468030516,0.9981410375721469,0.18455455303971482,0.07069999999999954,84.33,121.74,1.3535252310396606,0,0,0,0,0,56.92428571428571,0.4357142857142904
2023-11-07 00:00:00,2023-11,0,-12,0,0,55.48,-1.8800000000000026,14.81,0.2836115693239983,1.3369533379027703,0.31031022684592696,-0.0766,83.43,120.09,1.3448822837788108,0,0,0,0,0,56.92428571428571,-1.4442857142857122
2023-11-08 00:00:00,2023-11,0,-11,0,0,57.58,2.1000000000000014,14.45,0.10044332873557552,0.25892101512438465,0.048310323718852896,-0.07399999999999984,85.04,117.1,1.3023620625790338,0,0,0,0,0,56.92428571428571,0.6557142857142892
2023-11-09 00:00:00,2023-11,0,-10,0,0,58.87,1.2899999999999991,15.29,-0.8116762182437999,2.628552036038271,0.29975956593430947,0.1316000000000006,88.74,117.05,1.5456030249289459,0,0,0,0,0,56.92428571428571,1.9457142857142884
2023-11-10 00:00:00,2023-11,0,-9,0,0,56.84,-2.029999999999994,14.17,1.5495728650985885,2.0350303697014978,-0.04627640316610357,0.027699999999999392,85.66,116.79,1.5040432986030374,0,0,0,0,0,56.92428571428571,-0.08428571428570564
2023-11-13 00:00:00,2023-11,0,-8,0,0,56.26,-0.5800000000000054,14.76,-0.08360910851978613,-1.8708386430994033,-0.21750240261789047,-0.0118999999999998,85.51,124.47,1.5911728626636352,0,1,0,0,0,56.92428571428571,-0.664285714285711
2023-11-14 00:00:00,2023-11,0,-7,0,0,56.24,-0.01999999999999602,14.16,1.8895282757298077,-2.518582953814218,-1.505150408156986,-0.19259999999999966,83.77,124.11,1.9394800259995284,0,1,0,0,0,56.92428571428571,-0.6842857142857071
2023-11-15 00:00:00,2023-11,0,-6,0,0,60.51,4.269999999999996,14.18,0.15958076771483445,5.6328619190160545,0.3271817816466065,0.0840999999999994,84.91,122.19,2.7819545269129864,0,1,0,0,0,56.92428571428571,3.585714285714289
2023-11-16 00:00:00,2023-11,0,-5,0,0,55.35,-5.159999999999997,14.32,0.11896413835666805,-4.5715436454425,-0.043115218902758407,-0.09589999999999943,83.23,116.08,3.493469090516028,0,0,0,0,0,56.92428571428571,-1.5742857142857076
2023-11-17 00:00:00,2023-11,0,-4,0,0,55.4,0.04999999999999716,13.8,0.12812755985166718,1.2519762100386096,-0.41485467582387076,-0.00010000000000065512,81.83,113.11,3.5150415603383363,0,0,0,0,0,56.92428571428571,-1.5242857142857105
2023-11-20 00:00:00,2023-11,0,-3,0,0,57.94,2.539999999999999,13.41,0.7363133890926982,1.1243838432932591,-0.4620104188810736,-0.01559999999999917,81.81,115.09,3.3979609000046356,0,0,0,0,0,56.92428571428571,1.0157142857142887
2023-11-21 00:00:00,2023-11,0,-2,0,0,55.72,-2.219999999999999,13.35,-0.20229887908321686,-1.5765232536909228,0.1227035510929138,-0.027200000000000557,81.77,112.79,3.3385473236216825,0,0,0,0,0,56.92428571428571,-1.2042857142857102
2023-11-22 00:00:00,2023-11,0,-1,0,0,55.5,-0.21999999999999886,12.85,0.4052866464977724,2.1056281895815885,0.3421937454857936,0.011600000000000499,83.38,111.57,3.376945658347805,0,0,0,0,0,56.92428571428571,-1.424285714285709
2023-11-24 00:00:00,2023-11,0,0,1,0,53.65,-1.8500000000000014,12.46,0.059675559803246875,1.6092284454598687,-0.4987397169248107,0.06229999999999958,83.0,107.43,3.1761307448858904,0,0,0,0,0,56.92428571428571,-3.2742857142857105
2023-11-27 00:00:00,2023-11,0,1,1,1,50.62,-3.030000000000001,12.69,-0.19561422168003026,-1.5930996274271327,-0.19748121150619116,-0.0799000000000003,85.15,109.31,2.4285958937365972,0,0,0,0,0,56.92428571428571,-6.304285714285712
2023-11-28 00:00:00,2023-11,0,2,1,2,50.58,-0.03999999999999915,12.69,0.09796471418229004,2.4933004951056112,-0.4399239899849796,-0.06589999999999918,85.14,110.06,1.678599779243956,0,0,1,0,0,56.92428571428571,-6.344285714285711
2023-11-29 00:00:00,2023-11,0,3,1,3,51.9,1.3200000000000003,12.98,-0.0946683767425388,-0.6089485097443015,0.01849049447878182,-0.06550000000000011,87.79,114.59,1.7365625645416998,0,0,1,0,0,56.92428571428571,-5.0242857142857105
2023-11-30 00:00:00,2023-11,0,4,1,4,49.8,-2.1000000000000014,12.92,0.37769911916856064,0.03648273131588185,0.7097798655117424,0.07119999999999926,86.71,115.32,1.720784224142458,0,0,1,0,0,56.92428571428571,-7.124285714285712
2023-12-01 00:00:00,2023-11,0,5,1,5,51.46,1.6600000000000037,12.63,0.5856541700615294,2.7326998840123413,-0.22150759909418416,-0.1307999999999998,85.9,111.51,1.686208832072743,0,0,0,0,0,56.92428571428571,-5.464285714285708
2023-12-04 00:00:00,2023-11,0,6,1,6,55.09,3.6300000000000026,13.08,-0.5423166555119596,5.649110756801237,0.4290276171989225,0.05730000000000057,87.76,118.25,2.445586701669895,0,0,0,0,0,56.92428571428571,-1.8342857142857056
2023-12-05 00:00:00,2023-11,0,7,1,7,55.71,0.6199999999999974,12.85,-0.05691170958779145,4.338741093807249,0.32537258805065894,-0.08800000000000008,85.76,127.2,2.6773400059774355,0,0,0,0,0,56.92428571428571,-1.2142857142857082
2023-12-06 00:00:00,2023-11,0,8,1,8,53.71,-2.0,12.97,-0.3913779111384419,-0.17824325044328565,0.09894190612303462,-0.060900000000000176,86.85,124.98,2.413228359051209,0,0,0,0,0,56.92428571428571,-3.214285714285708
2023-12-07 00:00:00,2023-11,0,9,1,9,52.4,-1.3100000000000023,13.06,0.7936610413312938,-0.9892610804981102,-0.5893302370609079,0.04549999999999965,86.0,129.74,2.6571473965250276,0,0,0,0,0,56.92428571428571,-4.5242857142857105
2023-12-08 00:00:00,2023-11,0,10,1,10,53.72,1.3200000000000003,12.35,0.4087074621006593,2.6468100433040807,0.4519378834777287,0.07610000000000028,81.11,121.65,2.4922806682375045,0,0,0,0,0,56.92428571428571,-3.20428571428571
2023-12-11 00:00:00,2023-11,0,11,1,11,55.59,1.8700000000000045,12.63,0.3916851675081129,-6.170651956334713,0.08168953626950053,0.007699999999999818,82.35,126.66,3.9809546172886154,0,1,0,0,0,56.92428571428571,-1.3342857142857056
2023-12-12 00:00:00,2023-11,0,12,1,12,53.87,-1.720000000000006,12.07,0.45887580600857375,-0.2266906280379141,-0.2211964741089045,-0.03270000000000017,83.54,118.62,3.941438227690622,1,1,0,0,0,56.92428571428571,-3.0542857142857116
2023-12-13 00:00:00,2023-11,0,13,1,13,53.46,-0.4099999999999966,12.19,1.3558420429298217,4.530969559983522,-0.9635644898054874,-0.1841999999999997,80.83,113.77,3.725316255763934,1,1,0,0,0,56.92428571428571,-3.464285714285708
2023-12-14 00:00:00,2023-11,0,14,1,14,53.13,-0.3299999999999983,12.48,0.2643573374260931,0.0035818901498512338,-0.8914986421245198,-0.09560000000000013,80.83,118.04,3.3329925245798546,1,0,0,0,0,56.92428571428571,-3.7942857142857065
2023-12-08 00:00:00,2023-12,1,-14,0,0,53.72,1.3200000000000003,12.35,0.4087074621006593,2.6468100433040807,0.4519378834777287,0.07610000000000028,81.11,121.65,2.4922806682375045,0,0,0,0,0,57.115,-3.395000000000003
2023-12-11 00:00:00,2023-12,1,-13,0,0,55.59,1.8700000000000045,12.63,0.3916851675081129,-6.170651956334713,0.08168953626950053,0.007699999999999818,82.35,126.66,3.9809546172886154,0,1,0,0,0,57.115,-1.5249999999999986
2023-12-12 00:00:00,2023-12,1,-12,0,0,53.87,-1.720000000000006,12.07,0.45887580600857375,-0.2266906280379141,-0.2211964741089045,-0.03270000000000017,83.54,118.62,3.941438227690622,1,1,0,0,0,57.115,-3.2450000000000045
2023-12-13 00:00:00,2023-12,1,-11,0,0,53.46,-0.4099999999999966,12.19,1.3558420429298217,4.530969559983522,-0.9635644898054874,-0.1841999999999997,80.83,113.77,3.725316255763934,1,1,0,0,0,57.115,-3.655000000000001
2023-12-14 00:00:00,2023-12,1,-10,0,0,53.13,-0.3299999999999983,12.48,0.2643573374260931,0.0035818901498512338,-0.8914986421245198,-0.09560000000000013,80.83,118.04,3.3329925245798546,1,0,0,0,0,57.115,-3.9849999999999994
2023-12-15 00:00:00,2023-12,1,-9,0,0,54.15,1.019999999999996,12.28,-0.007628136810104926,-1.768974623150867,0.5809136851041706,-0.009799999999999809,88.04,115.75,3.396438183835818,0,0,0,0,0,57.115,-2.9650000000000034
2023-12-18 00:00:00,2023-12,1,-8,0,0,56.02,1.8700000000000045,12.56,0.4518097487249544,1.7352316624535866,0.010725899645127657,0.020399999999999974,88.67,118.46,3.457444129460185,0,0,0,0,0,57.115,-1.0949999999999989
2023-12-19 00:00:00,2023-12,1,-7,0,0,57.62,1.5999999999999943,12.53,0.5849255234901429,-0.2800586480138279,-0.3849014169266178,-0.00010000000000021103,88.77,115.03,3.2710847198532225,0,0,0,0,0,57.115,0.5049999999999955
2023-12-20 00:00:00,2023-12,1,-6,0,0,58.1,0.480000000000004,13.67,-1.4793144174519959,2.2199845270874867,0.2356105208233894,-0.08389999999999986,92.18,111.87,2.090128252885362,0,0,1,0,0,57.115,0.9849999999999994
2023-12-21 00:00:00,2023-12,1,-5,0,0,58.63,0.5300000000000011,13.65,1.0248790092494071,1.268589156153277,-0.5532422765243593,0.04070000000000018,89.85,111.93,2.032877949466063,0,0,1,0,0,57.115,1.5150000000000006
2023-12-22 00:00:00,2023-12,1,-4,0,0,57.24,-1.3900000000000006,13.03,0.16587067997896168,-0.5865894775002479,-0.14247746108053108,0.006899999999999906,88.62,111.38,1.4224905748629166,0,0,1,0,0,57.115,0.125
2023-12-26 00:00:00,2023-12,1,-3,0,0,59.98,2.739999999999995,12.99,0.42227363999498385,-2.7726111777928746,-0.22838701821569904,0.0017000000000000348,88.87,116.0,1.861136908954774,0,0,0,0,0,57.115,2.864999999999995
2023-12-27 00:00:00,2023-12,1,-2,0,0,64.35,4.369999999999997,12.43,0.1429419277681746,2.4611536490072297,-0.47418736235184,-0.10230000000000006,86.22,114.53,1.88757374701618,0,0,0,0,0,57.115,7.234999999999992
2023-12-28 00:00:00,2023-12,1,-1,0,0,63.75,-0.5999999999999943,12.47,0.03701020331993755,-2.150423648627877,0.2403383695265997,0.049900000000000055,86.69,113.78,2.0544862509853803,0,0,0,0,0,57.115,6.634999999999998
2023-12-29 00:00:00,2023-12,1,0,1,0,62.5,-1.25,12.45,-0.2830472999854748,-1.2728134931004493,0.10268461916672765,0.034800000000000164,86.96,114.62,2.1123330286746906,0,0,0,1,0,57.115,5.384999999999998
2024-01-02 00:00:00,2023-12,1,1,1,1,63.75,1.25,13.2,-0.567666089296547,3.3772644148911386,0.851955451058666,0.05029999999999957,88.09,127.02,2.357021331550398,0,0,0,1,1,57.115,6.634999999999998
2024-01-03 00:00:00,2023-12,1,2,1,2,65.17,1.4200000000000017,14.04,-0.8048614308974571,-4.972234648728863,0.2872582510160241,-0.013199999999999878,89.65,124.57,2.9286473128719446,0,0,0,1,2,57.115,8.055
2024-01-04 00:00:00,2023-12,1,3,1,3,65.34,0.1700000000000017,14.13,-0.3434296699869414,3.5468295478338345,-0.07027269999702782,0.08260000000000023,87.59,121.12,3.372535805451889,0,0,0,1,3,57.115,8.225000000000001
2024-01-05 00:00:00,2023-12,1,4,1,4,67.64,2.299999999999997,13.35,0.1824009233674846,-1.1707498220419343,-0.009764004030516625,0.04689999999999994,82.87,116.19,3.224299972079329,0,0,0,1,4,57.115,10.524999999999999
2024-01-08 00:00:00,2023-12,1,5,1,5,67.16,-0.480000000000004,13.08,1.4015987132365046,6.253696039578174,-0.19841567248606007,-0.015200000000000102,81.26,117.72,3.949038510081714,0,0,0,1,5,57.115,10.044999999999995
2024-01-09 00:00:00,2023-12,1,6,1,6,64.17,-2.989999999999995,12.76,-0.14789856520085826,-3.6477767678493347,0.3525755804691363,-0.017199999999999882,78.59,114.92,4.152833831232433,0,0,0,1,6,57.115,7.055
2024-01-10 00:00:00,2023-12,1,7,1,7,62.7,-1.4699999999999989,12.69,0.5649939819610993,1.1351443543663573,-0.20299423362370858,0.01499999999999968,77.09,109.63,4.100036460269877,0,1,0,1,7,57.115,5.585000000000001
2024-01-11 00:00:00,2023-12,1,8,1,8,57.3,-5.400000000000006,12.44,-0.0671289036040164,0.47231219180148787,-0.06938574352538499,-0.062499999999999556,75.54,103.45,3.9206029371353823,0,1,0,1,8,57.115,0.18499999999999517
2024-01-12 00:00:00,2023-12,1,9,1,9,57.42,0.12000000000000455,12.7,0.07507264519410599,-6.1109270942966845,0.11040817946592588,-0.026800000000000157,86.07,106.51,4.187043371558424,0,1,0,1,9,57.115,0.3049999999999997
2024-01-16 00:00:00,2023-12,1,10,1,10,55.16,-2.260000000000005,13.84,-0.37382986232446963,1.7350527966788352,0.9263240502775284,0.11909999999999954,89.59,113.44,3.9874214403574335,0,0,0,1,10,57.115,-1.9550000000000054
2024-01-17 00:00:00,2023-12,1,11,1,11,50.79,-4.369999999999997,14.79,-0.5632727126755614,-1.8528386199073617,0.08993893462889606,0.04380000000000006,91.36,105.86,4.0235399814425685,0,0,0,1,11,57.115,-6.325000000000003
2024-01-18 00:00:00,2023-12,1,12,1,12,48.31,-2.479999999999997,14.13,0.8766724739532072,-3.7447848064403995,0.08309741233582606,0.04010000000000069,86.34,107.22,2.9441845943962663,0,0,0,1,12,57.115,-8.805
2024-01-19 00:00:00,2023-12,1,13,1,13,48.04,-0.2700000000000031,13.3,1.2238283870230153,1.2876589667607579,-0.23981754424927693,-0.019400000000000084,81.95,104.97,2.9950603048977893,0,0,0,1,13,57.115,-9.075000000000003
2024-01-22 00:00:00,2023-12,1,14,1,14,48.98,0.9399999999999977,13.19,0.21918970535104104,-4.770762227138035,0.04162250385569184,-0.017400000000000304,79.17,106.87,3.1189486079324418,0,0,0,1,14,57.115,-8.135000000000005
2024-01-05 00:00:00,2024-01,0,-14,0,0,67.64,2.299999999999997,13.35,0.1824009233674846,-1.1707498220419343,-0.009764004030516625,0.04689999999999994,82.87,116.19,3.224299972079329,0,0,0,0,0,54.98642857142857,12.653571428571432
2024-01-08 00:00:00,2024-01,0,-13,0,0,67.16,-0.480000000000004,13.08,1.4015987132365046,6.253696039578174,-0.19841567248606007,-0.015200000000000102,81.26,117.72,3.949038510081714,0,0,0,0,0,54.98642857142857,12.173571428571428
2024-01-09 00:00:00,2024-01,0,-12,0,0,64.17,-2.989999999999995,12.76,-0.14789856520085826,-3.6477767678493347,0.3525755804691363,-0.017199999999999882,78.59,114.92,4.152833831232433,0,0,0,0,0,54.98642857142857,9.183571428571433
2024-01-10 00:00:00,2024-01,0,-11,0,0,62.7,-1.4699999999999989,12.69,0.5649939819610993,1.1351443543663573,-0.20299423362370858,0.01499999999999968,77.09,109.63,4.100036460269877,0,1,0,0,0,54.98642857142857,7.713571428571434
2024-01-11 00:00:00,2024-01,0,-10,0,0,57.3,-5.400000000000006,12.44,-0.0671289036040164,0.47231219180148787,-0.06938574352538499,-0.062499999999999556,75.54,103.45,3.9206029371353823,0,1,0,0,0,54.98642857142857,2.3135714285714286
2024-01-12 00:00:00,2024-01,0,-9,0,0,57.42,0.12000000000000455,12.7,0.07507264519410599,-6.1109270942966845,0.11040817946592588,-0.026800000000000157,86.07,106.51,4.187043371558424,0,1,0,0,0,54.98642857142857,2.433571428571433
2024-01-16 00:00:00,2024-01,0,-8,0,0,55.16,-2.260000000000005,13.84,-0.37382986232446963,1.7350527966788352,0.9263240502775284,0.11909999999999954,89.59,113.44,3.9874214403574335,0,0,0,0,0,54.98642857142857,0.17357142857142804
2024-01-17 00:00:00,2024-01,0,-7,0,0,50.79,-4.369999999999997,14.79,-0.5632727126755614,-1.8528386199073617,0.08993893462889606,0.04380000000000006,91.36,105.86,4.0235399814425685,0,0,0,0,0,54.98642857142857,-4.196428571428569
2024-01-18 00:00:00,2024-01,0,-6,0,0,48.31,-2.479999999999997,14.13,0.8766724739532072,-3.7447848064403995,0.08309741233582606,0.04010000000000069,86.34,107.22,2.9441845943962663,0,0,0,0,0,54.98642857142857,-6.676428571428566
2024-01-19 00:00:00,2024-01,0,-5,0,0,48.04,-0.2700000000000031,13.3,1.2238283870230153,1.2876589667607579,-0.23981754424927693,-0.019400000000000084,81.95,104.97,2.9950603048977893,0,0,0,0,0,54.98642857142857,-6.946428571428569
2024-01-22 00:00:00,2024-01,0,-4,0,0,48.98,0.9399999999999977,13.19,0.21918970535104104,-4.770762227138035,0.04162250385569184,-0.017400000000000304,79.17,106.87,3.1189486079324418,0,0,0,0,0,54.98642857142857,-6.006428571428572
2024-01-23 00:00:00,2024-01,0,-3,0,0,49.59,0.6100000000000065,12.55,0.2917131506229948,-1.55331290802781,0.2763981116772337,0.022999999999999687,76.67,107.7,2.9567978708980327,0,0,0,0,0,54.98642857142857,-5.396428571428565
2024-01-24 00:00:00,2024-01,0,-2,0,0,47.54,-2.0500000000000043,13.14,0.0811659168275874,1.4274785667502607,-0.3683779600535346,0.04800000000000004,80.94,105.78,2.625540256537139,0,0,1,0,0,54.98642857142857,-7.446428571428569
2024-01-25 00:00:00,2024-01,0,-1,0,0,45.01,-2.530000000000001,13.45,0.5246506091991603,0.3490159598249143,0.32687036501576144,-0.05779999999999941,81.39,105.89,2.4234594859998158,0,0,1,0,0,54.98642857142857,-9.97642857142857
2024-01-26 00:00:00,2024-01,0,0,1,0,43.73,-1.2800000000000011,13.26,-0.0652009756234213,5.104847944792478,-0.13622729840585213,0.018899999999999473,82.2,100.23,3.3802804208472206,0,0,1,0,0,54.98642857142857,-11.256428571428572
2024-01-29 00:00:00,2024-01,0,1,1,1,45.36,1.6300000000000026,13.6,0.7528373761456544,2.85047492171582,0.17001385457400275,-0.06329999999999991,83.4,106.34,3.1629538947442257,0,0,0,0,0,54.98642857142857,-9.62642857142857
2024-01-30 00:00:00,2024-01,0,2,1,2,46.91,1.5499999999999972,13.31,-0.06008383499372603,0.8345458143372514,-0.20482505252744668,-0.04209999999999958,82.24,104.26,3.1528454290386505,1,0,0,0,0,54.98642857142857,-8.076428571428572
2024-01-31 00:00:00,2024-01,0,3,1,3,45.79,-1.1199999999999974,14.35,-1.6236787963987382,-2.532245369403026,-0.1190297763327136,-0.11950000000000038,87.56,107.28,2.5776469373084807,1,0,0,0,0,54.98642857142857,-9.19642857142857
2024-02-01 00:00:00,2024-01,0,4,1,4,44.76,-1.0300000000000011,13.88,1.2416277903485802,1.4655463642232298,-0.21907512566621368,-0.032200000000000006,84.83,113.92,2.334837638266675,1,0,0,0,0,54.98642857142857,-10.22642857142857
2024-02-02 00:00:00,2024-01,0,5,1,5,42.41,-2.3500000000000014,13.85,1.0627786351803241,-0.2460477460104659,0.8445718656881781,0.13969999999999994,83.31,106.72,2.4108717165338462,0,0,0,0,0,54.98642857142857,-12.576428571428572
2024-02-05 00:00:00,2024-01,0,6,1,6,42.37,-0.03999999999999915,13.67,-0.31914641356150353,-0.9811804044699078,0.5087017986251217,0.1379999999999999,79.58,108.68,2.5310180527395745,0,0,0,0,0,54.98642857142857,-12.616428571428571
2024-02-06 00:00:00,2024-01,0,7,1,7,42.87,0.5,13.06,0.23077617284261595,1.9210230112463866,-0.22907541227688968,-0.05790000000000006,76.97,110.6,1.8496932704045235,0,0,0,0,0,54.98642857142857,-12.116428571428571
2024-02-07 00:00:00,2024-01,0,8,1,8,43.82,0.9500000000000028,12.83,0.820766692133105,2.34620212134408,-0.14980556890018795,0.021100000000000563,80.54,107.86,1.7487387804662993,0,0,0,0,0,54.98642857142857,-11.166428571428568
2024-02-08 00:00:00,2024-01,0,9,1,9,44.91,1.0899999999999963,12.79,0.057040100736248746,2.554672231841937,0.10373544551962012,0.03289999999999971,83.07,108.6,1.9311378619188284,0,0,0,0,0,54.98642857142857,-10.076428571428572
2024-02-09 00:00:00,2024-01,0,10,1,10,47.79,2.8800000000000026,12.93,0.5725975590860193,4.771208739944377,-0.05185427145709935,0.021399999999999864,81.94,106.21,1.8999711838283218,0,0,0,0,0,54.98642857142857,-7.196428571428569
2024-02-12 00:00:00,2024-01,0,11,1,11,54.28,6.490000000000002,13.93,-0.09494002275555409,3.491071268827279,0.05665423305831331,0.0038999999999997925,84.63,109.78,2.0110482212052023,0,1,0,0,0,54.98642857142857,-0.7064285714285674
2024-02-13 00:00:00,2024-01,0,12,1,12,52.19,-2.0900000000000034,15.85,-1.3768624761212094,-0.563708219564537,0.7555145199421407,0.13500000000000068,93.19,113.22,2.0722918184182535,0,1,0,0,0,54.98642857142857,-2.796428571428571
2024-02-14 00:00:00,2024-01,0,13,1,13,55.13,2.940000000000005,14.38,0.9534129096895501,4.361737826651852,-0.2260556181709934,-0.058900000000000396,83.17,111.97,1.7833450014204284,0,1,0,0,0,54.98642857142857,0.143571428571434
2024-02-15 00:00:00,2024-01,0,14,1,14,55.08,-0.05000000000000426,14.01,0.5804399991794575,-0.7783331043468276,-0.4085758653591191,-0.025399999999999423,82.4,112.09,2.2180794135941233,0,0,0,0,0,54.98642857142857,0.09357142857142975
2024-02-02 00:00:00,2024-02,0,-14,0,0,42.41,-2.3500000000000014,13.85,1.0627786351803241,-0.2460477460104659,0.8445718656881781,0.13969999999999994,83.31,106.72,2.4108717165338462,0,0,0,0,0,50.07928571428572,-7.669285714285721
2024-02-05 00:00:00,2024-02,0,-13,0,0,42.37,-0.03999999999999915,13.67,-0.31914641356150353,-0.9811804044699078,0.5087017986251217,0.1379999999999999,79.58,108.68,2.5310180527395745,0,0,0,0,0,50.07928571428572,-7.70928571428572
2024-02-06 00:00:00,2024-02,0,-12,0,0,42.87,0.5,13.06,0.23077617284261595,1.9210230112463866,-0.22907541227688968,-0.05790000000000006,76.97,110.6,1.8496932704045235,0,0,0,0,0,50.07928571428572,-7.20928571428572
2024-02-07 00:00:00,2024-02,0,-11,0,0,43.82,0.9500000000000028,12.83,0.820766692133105,2.34620212134408,-0.14980556890018795,0.021100000000000563,80.54,107.86,1.7487387804662993,0,0,0,0,0,50.07928571428572,-6.259285714285717
2024-02-08 00:00:00,2024-02,0,-10,0,0,44.91,1.0899999999999963,12.79,0.057040100736248746,2.554672231841937,0.10373544551962012,0.03289999999999971,83.07,108.6,1.9311378619188284,0,0,0,0,0,50.07928571428572,-5.169285714285721
2024-02-09 00:00:00,2024-02,0,-9,0,0,47.79,2.8800000000000026,12.93,0.5725975590860193,4.771208739944377,-0.05185427145709935,0.021399999999999864,81.94,106.21,1.8999711838283218,0,0,0,0,0,50.07928571428572,-2.289285714285718
2024-02-12 00:00:00,2024-02,0,-8,0,0,54.28,6.490000000000002,13.93,-0.09494002275555409,3.491071268827279,0.05665423305831331,0.0038999999999997925,84.63,109.78,2.0110482212052023,0,1,0,0,0,50.07928571428572,4.200714285714284
2024-02-13 00:00:00,2024-02,0,-7,0,0,52.19,-2.0900000000000034,15.85,-1.3768624761212094,-0.563708219564537,0.7555145199421407,0.13500000000000068,93.19,113.22,2.0722918184182535,0,1,0,0,0,50.07928571428572,2.1107142857142804
2024-02-14 00:00:00,2024-02,0,-6,0,0,55.13,2.940000000000005,14.38,0.9534129096895501,4.361737826651852,-0.2260556181709934,-0.058900000000000396,83.17,111.97,1.7833450014204284,0,1,0,0,0,50.07928571428572,5.050714285714285
2024-02-15 00:00:00,2024-02,0,-5,0,0,55.08,-0.05000000000000426,14.01,0.5804399991794575,-0.7783331043468276,-0.4085758653591191,-0.025399999999999423,82.4,112.09,2.2180794135941233,0,0,0,0,0,50.07928571428572,5.000714285714281
2024-02-16 00:00:00,2024-02,0,-4,0,0,55.24,0.1600000000000037,14.24,-0.4815012341991563,1.2479208054183888,-0.020137027746871983,0.04919999999999991,82.63,109.2,2.2537995495675993,0,0,0,0,0,50.07928571428572,5.160714285714285
2024-02-20 00:00:00,2024-02,0,-3,0,0,55.63,0.39000000000000057,15.42,-0.6023414477222352,0.2522508605892465,-0.20348425699508077,-0.0039000000000006807,86.1,111.02,2.35162360142061,0,0,0,0,0,50.07928571428572,5.550714285714285
2024-02-21 00:00:00,2024-02,0,-2,0,0,54.01,-1.6200000000000045,15.34,0.12633935945864821,-1.2551915457791207,-0.07016363793140722,0.043400000000000105,84.66,114.27,2.1913591288433474,0,0,0,0,0,50.07928571428572,3.9307142857142807
2024-02-22 00:00:00,2024-02,0,-1,0,0,55.38,1.3700000000000045,14.54,2.0902891694828027,0.5086813378537552,-0.04712376808063819,0.002000000000000668,80.88,115.59,1.887215439911432,0,0,0,0,0,50.07928571428572,5.300714285714285
2024-02-23 00:00:00,2024-02,0,0,1,0,52.23,-3.1500000000000057,13.75,0.03478831737266021,-1.3045455660773124,-0.02020270049632938,-0.07270000000000021,78.86,108.31,1.9779559143538226,0,0,0,0,0,50.07928571428572,2.1507142857142796
2024-02-26 00:00:00,2024-02,0,1,1,1,56.05,3.8200000000000003,13.74,-0.37939352461026604,5.4274039661121165,-0.10492725846325943,0.03149999999999942,80.5,110.77,2.3388120120879523,0,0,0,0,0,50.07928571428572,5.97071428571428
2024-02-27 00:00:00,2024-02,0,2,1,2,58.36,2.3100000000000023,13.43,0.1704818544289236,3.725713264501308,0.0019262626652427391,0.02370000000000072,78.54,110.8,2.51407668699506,0,0,1,0,0,50.07928571428572,8.280714285714282
2024-02-28 00:00:00,2024-02,0,3,1,3,67.76,9.400000000000006,13.84,-0.1659450476103029,6.51574339998483,0.14051704877974264,-0.03930000000000078,80.36,108.71,3.2122075031669137,0,0,1,0,0,50.07928571428572,17.680714285714288
2024-02-29 00:00:00,2024-02,0,4,1,4,65.54,-2.219999999999999,13.4,0.5215420393340162,1.4428033159779057,0.17392896361333995,-0.013699999999999157,77.45,109.1,3.1360064051668766,0,0,1,0,0,50.07928571428572,15.460714285714289
2024-03-01 00:00:00,2024-02,0,5,1,5,65.37,-0.1700000000000017,13.11,0.7975925057791697,1.8684644864181525,-0.28363085494377616,-0.07040000000000024,77.68,106.48,2.771515612432319,0,0,0,0,0,50.07928571428572,15.290714285714287
2024-03-04 00:00:00,2024-02,0,6,1,6,74.81,9.439999999999998,13.49,-0.11939974324694175,7.121871619706141,-0.027925833021306187,0.03329999999999966,79.41,109.57,3.0535083470828015,0,0,0,0,0,50.07928571428572,24.730714285714285
2024-03-05 00:00:00,2024-02,0,7,1,7,73.19,-1.6200000000000045,14.46,-1.0245348981574391,-6.368358042013902,-0.032750566203239795,-0.06059999999999999,83.91,110.33,4.6009328573023245,0,0,0,0,0,50.07928571428572,23.11071428571428
2024-03-06 00:00:00,2024-02,0,8,1,8,74.85,1.6599999999999966,14.5,0.5127959537251652,4.855416309984575,-0.41415921764752367,-0.050499999999999545,83.11,105.33,4.55170454240465,0,0,0,0,0,50.07928571428572,24.770714285714277
2024-03-07 00:00:00,2024-02,0,9,1,9,69.68,-5.1699999999999875,14.44,1.0251382881397442,1.272872111682587,-0.529604714235918,-0.019300000000000317,82.13,105.45,4.557348868307431,0,0,0,0,0,50.07928571428572,19.60071428571429
2024-03-08 00:00:00,2024-02,0,10,1,10,71.87,2.1899999999999977,14.74,-0.654993806564546,1.5707187068666406,-0.1080108115808552,-0.007799999999999585,86.56,100.88,4.178172990617552,0,0,0,0,0,50.07928571428572,21.790714285714287
2024-03-11 00:00:00,2024-02,0,11,1,11,83.02,11.149999999999991,15.22,-0.11228682551799476,3.7948897719506074,0.15273787998105468,0.023299999999999876,88.97,106.63,4.249831323062288,0,1,0,0,0,50.07928571428572,32.94071428571428
2024-03-12 00:00:00,2024-02,0,12,1,12,78.08,-4.939999999999998,13.84,1.1139497364012345,-1.470155807675647,0.08550912456345945,0.052499999999999325,83.76,101.36,4.4517649823635015,0,1,0,0,0,50.07928571428572,28.00071428571428
2024-03-13 00:00:00,2024-02,0,13,1,13,77.5,-0.5799999999999983,13.75,-0.1926391571868686,2.9039485118297907,-0.16330819295381785,0.039200000000000124,86.27,97.03,3.8093628390834677,0,1,0,0,0,50.07928571428572,27.420714285714283
2024-03-14 00:00:00,2024-02,0,14,1,14,74.58,-2.9200000000000017,14.4,-0.2875205915668605,-3.442946737822534,0.5539696629602409,0.10040000000000049,88.75,98.67,2.9342885484243784,0,0,0,0,0,50.07928571428572,24.50071428571428
2024-04-08 00:00:00,2024-04,0,-14,0,0,76.25,4.290000000000006,15.19,-0.03747574930495873,3.3872953653881113,-0.151603863270528,0.018200000000000216,86.26,99.37,3.3588621610258413,0,0,0,0,0,68.95285714285714,7.297142857142859
2024-04-09 00:00:00,2024-04,0,-13,0,0,73.69,-2.5600000000000023,14.98,0.14444457627020377,-3.6631300320710403,0.007681671535507719,-0.05820000000000025,84.45,98.73,3.4393705195140845,0,1,0,0,0,68.95285714285714,4.737142857142857
2024-04-10 00:00:00,2024-04,0,-12,0,0,72.32,-1.3700000000000045,15.8,-0.9501978333887354,0.9793311366314604,1.047800104569768,0.18189999999999973,91.76,109.59,3.4684970517561555,0,1,0,0,0,68.95285714285714,3.367142857142852
2024-04-11 00:00:00,2024-04,0,-11,0,0,68.42,-3.8999999999999915,14.91,0.7417237205872028,1.0007131832186726,0.03514988612476488,0.04300000000000015,89.4,108.86,2.4101992253423705,0,1,0,0,0,68.95285714285714,-0.5328571428571394
2024-04-12 00:00:00,2024-04,0,-10,0,0,66.94,-1.480000000000004,17.31,-1.465760702944856,-4.915284727141913,0.7155056078661535,-0.06489999999999974,102.72,112.82,3.216412535296562,0,0,0,0,0,68.95285714285714,-2.0128571428571433
2024-04-15 00:00:00,2024-04,0,-9,0,0,70.48,3.5400000000000063,19.23,-1.2094130563305876,-1.1201039068644285,0.16019151018490652,0.07979999999999965,109.64,121.15,2.864048429829993,0,0,0,0,0,68.95285714285714,1.527142857142863
2024-04-16 00:00:00,2024-04,0,-8,0,0,70.88,0.3999999999999915,18.4,-0.20586901863485071,-0.17833082867163402,0.046125244975649064,0.06599999999999984,99.25,119.59,2.8692092264155904,0,0,0,0,0,68.95285714285714,1.9271428571428544
2024-04-17 00:00:00,2024-04,0,-7,0,0,70.72,-0.1599999999999966,18.21,-0.5797336366096615,-3.5270547568565,-0.288396490320772,-0.08009999999999984,98.76,113.29,2.402155317467293,0,0,0,0,0,68.95285714285714,1.7671428571428578
2024-04-18 00:00:00,2024-04,0,-6,0,0,69.98,-0.7399999999999949,18.0,-0.2210632863926085,4.299035942424234,0.18858856519606582,0.04530000000000012,95.99,108.66,3.0718316104771772,0,0,0,0,0,68.95285714285714,1.027142857142863
2024-04-19 00:00:00,2024-04,0,-5,0,0,70.4,0.4200000000000017,18.71,-0.8797102336546191,0.850711993101752,0.002826122795213978,-0.0118999999999998,99.09,111.26,3.06191506928485,0,0,0,0,0,68.95285714285714,1.4471428571428646
2024-04-22 00:00:00,2024-04,0,-4,0,0,69.37,-1.0300000000000011,16.94,0.8693327734887766,2.8682845556076573,-0.07256244693619102,-0.012199999999999989,89.54,108.56,3.2887453044638653,0,0,0,0,0,68.95285714285714,0.4171428571428635
2024-04-23 00:00:00,2024-04,0,-3,0,0,64.16,-5.210000000000008,15.69,1.1893624576650832,-0.2779850796960359,-0.37968990418102677,-0.008100000000000662,82.36,106.85,2.582724069242681,0,0,0,0,0,68.95285714285714,-4.7928571428571445
2024-04-24 00:00:00,2024-04,0,-2,0,0,62.44,-1.7199999999999989,15.97,0.021297196541228136,-3.534017961558374,0.1720780259344019,0.04130000000000056,83.61,110.21,2.956212292086806,0,0,1,0,0,68.95285714285714,-6.512857142857143
2024-04-25 00:00:00,2024-04,0,-1,0,0,59.29,-3.1499999999999986,15.37,-0.4586941901457446,1.159517731565055,-0.24496950133285914,0.06219999999999981,82.54,108.55,2.9805135908827083,0,0,1,0,0,68.95285714285714,-9.662857142857142
2024-04-26 00:00:00,2024-04,0,0,1,0,55.12,-4.170000000000002,15.03,1.0157373516560253,-1.332079519354759,0.32145856287739527,-0.040899999999999714,79.56,104.4,2.6074837819822614,0,0,1,0,0,68.95285714285714,-13.832857142857144
2024-04-29 00:00:00,2024-04,0,1,1,1,55.33,0.21000000000000085,14.67,0.3173415687477538,-1.136699174870051,-0.33945294678406024,-0.04940000000000033,78.22,105.42,2.067503339682228,0,0,0,0,0,68.95285714285714,-13.622857142857143
2024-04-30 00:00:00,2024-04,0,2,1,2,59.81,4.480000000000004,15.65,-1.5855554753445709,-5.0080335138538805,0.6062341513031011,0.06620000000000026,81.82,107.46,2.6693712865404664,1,0,0,0,0,68.95285714285714,-9.142857142857139
2024-05-01 00:00:00,2024-04,0,3,1,3,61.22,1.4099999999999966,15.39,-0.34413923648739225,-4.396895265531793,-0.4396731240295775,-0.05149999999999988,81.93,100.64,2.282043064339391,1,0,0,0,0,68.95285714285714,-7.732857142857142
2024-05-02 00:00:00,2024-04,0,4,1,4,56.77,-4.449999999999996,14.68,0.9087013401337432,2.4986328309443744,-0.43211757138649765,-0.04720000000000013,78.59,100.7,2.8235542542441023,1,0,0,0,0,68.95285714285714,-12.182857142857138
2024-05-03 00:00:00,2024-04,0,5,1,5,55.88,-0.8900000000000006,13.49,1.247858860899914,6.8830978488018255,-0.25578987839887923,-0.07340000000000035,74.57,95.96,4.126957244635819,0,0,0,0,0,68.95285714285714,-13.072857142857139
2024-05-06 00:00:00,2024-04,0,6,1,6,55.57,-0.3100000000000023,13.49,1.0273136069376811,-0.699662154972102,0.019992288755235607,-0.020299999999999763,73.46,94.5,4.08521959677336,0,0,0,0,0,68.95285714285714,-13.38285714285714
2024-05-07 00:00:00,2024-04,0,7,1,7,53.76,-1.8100000000000023,13.23,0.13425358193505205,-0.520295833147979,0.34305350967892223,-0.030400000000000205,74.54,98.04,4.067687877030673,0,0,0,0,0,68.95285714285714,-15.192857142857143
2024-05-08 00:00:00,2024-04,0,8,1,8,55.43,1.6700000000000017,13.0,-0.000578292629562257,-2.255047143008006,0.12703952257978873,0.03669999999999973,74.5,95.58,4.125743538691103,0,0,0,0,0,68.95285714285714,-13.522857142857141
2024-05-09 00:00:00,2024-04,0,9,1,9,52.17,-3.259999999999998,12.69,0.5078002595891349,1.7146766934300794,-0.3026955478820126,-0.040599999999999525,73.77,93.85,3.657256014672582,0,0,0,0,0,68.95285714285714,-16.78285714285714
2024-05-10 00:00:00,2024-04,0,10,1,10,54.27,2.1000000000000014,12.55,0.16480214063461682,-3.4639953044125975,0.07029944049967744,0.04319999999999968,73.26,94.23,3.4625594257755123,0,0,0,0,0,68.95285714285714,-14.682857142857138
2024-05-13 00:00:00,2024-04,0,11,1,11,56.13,1.8599999999999994,13.6,-0.02412845541718278,2.92180815912192,-0.07885274421844106,-0.009799999999999365,77.55,105.35,3.5047933960241697,0,0,0,0,0,68.95285714285714,-12.822857142857139
2024-05-14 00:00:00,2024-04,0,12,1,12,56.23,0.09999999999999432,13.42,0.4826100061719822,-2.4223285199728775,-0.195023631124921,-0.047100000000000364,77.65,106.55,2.309412839128169,0,1,0,0,0,68.95285714285714,-12.722857142857144
2024-05-15 00:00:00,2024-04,0,13,1,13,58.61,2.3800000000000026,12.45,1.1647879688045932,6.90484512460474,-0.6381435310772517,-0.09940000000000015,76.31,93.78,3.678591497456024,0,1,0,0,0,68.95285714285714,-10.342857142857142
2024-05-16 00:00:00,2024-04,0,14,1,14,57.49,-1.1199999999999974,12.42,-0.208387430730016,-1.0701530688151555,0.11206522027006628,0.03500000000000014,77.74,91.83,3.7075585284586183,0,1,0,0,0,68.95285714285714,-11.462857142857139
2024-05-10 00:00:00,2024-05,0,-14,0,0,54.27,2.1000000000000014,12.55,0.16480214063461682,-3.4639953044125975,0.07029944049967744,0.04319999999999968,73.26,94.23,3.4625594257755123,0,0,0,0,0,55.86142857142857,-1.5914285714285654
2024-05-13 00:00:00,2024-05,0,-13,0,0,56.13,1.8599999999999994,13.6,-0.02412845541718278,2.92180815912192,-0.07885274421844106,-0.009799999999999365,77.55,105.35,3.5047933960241697,0,0,0,0,0,55.86142857142857,0.268571428571434
2024-05-14 00:00:00,2024-05,0,-12,0,0,56.23,0.09999999999999432,13.42,0.4826100061719822,-2.4223285199728775,-0.195023631124921,-0.047100000000000364,77.65,106.55,2.309412839128169,0,1,0,0,0,55.86142857142857,0.36857142857142833
2024-05-15 00:00:00,2024-05,0,-11,0,0,58.61,2.3800000000000026,12.45,1.1647879688045932,6.90484512460474,-0.6381435310772517,-0.09940000000000015,76.31,93.78,3.678591497456024,0,1,0,0,0,55.86142857142857,2.748571428571431
2024-05-16 00:00:00,2024-05,0,-10,0,0,57.49,-1.1199999999999974,12.42,-0.208387430730016,-1.0701530688151555,0.11206522027006628,0.03500000000000014,77.74,91.83,3.7075585284586183,0,1,0,0,0,55.86142857142857,1.6285714285714334
2024-05-17 00:00:00,2024-05,0,-9,0,0,55.26,-2.230000000000004,11.99,0.11641104408194052,2.4921800214199914,-0.016275184687481885,0.044800000000000395,78.43,89.35,3.587528841110099,0,0,0,0,0,55.86142857142857,-0.6014285714285705
2024-05-20 00:00:00,2024-05,0,-8,0,0,61.94,6.68,12.15,0.09159960683443537,4.962891273818,0.11482705438520481,0.02349999999999941,79.45,88.13,3.890954488832321,0,0,0,0,0,55.86142857142857,6.078571428571429
2024-05-21 00:00:00,2024-05,0,-7,0,0,58.59,-3.3499999999999943,11.86,0.2498698327390512,0.2714136216692169,0.09176680406538945,-0.031299999999999883,77.62,85.34,3.3140739410604914,0,0,0,0,0,55.86142857142857,2.728571428571435
2024-05-22 00:00:00,2024-05,0,-6,0,0,56.8,-1.7900000000000063,12.29,-0.2709717683547034,-0.43154738280923743,0.25954956028911846,0.009800000000000253,79.96,82.49,3.40129623531346,0,0,0,0,0,55.86142857142857,0.9385714285714286
2024-05-23 00:00:00,2024-05,0,-5,0,0,53.18,-3.6199999999999974,12.77,-0.740817678564494,-2.4175176006796355,0.16663417189354066,0.05489999999999995,84.62,86.15,3.4003649648093885,0,0,0,0,0,55.86142857142857,-2.681428571428569
2024-05-24 00:00:00,2024-05,0,-4,0,0,52.29,-0.8900000000000006,11.93,0.6976578915071976,1.6047155676777682,-0.3660074999777648,-0.011700000000000266,79.09,83.57,2.4658216537221596,0,0,0,0,0,55.86142857142857,-3.5714285714285694
2024-05-28 00:00:00,2024-05,0,-3,0,0,54.76,2.469999999999999,12.92,0.024880404548013994,-1.95806372459288,0.018163654577239948,0.08499999999999996,81.64,89.67,2.5958549380512044,0,0,0,0,0,55.86142857142857,-1.1014285714285705
2024-05-29 00:00:00,2024-05,0,-2,0,0,53.24,-1.519999999999996,14.28,-0.7394346936505546,-1.2254167072733189,0.48441945436448414,0.06170000000000009,83.79,93.45,2.534838482044777,0,0,1,0,0,55.86142857142857,-2.6214285714285666
2024-05-30 00:00:00,2024-05,0,-1,0,0,53.27,0.030000000000001137,14.47,-0.5992916722542297,1.5589673038329155,-0.3869656655404842,-0.06569999999999965,83.44,91.09,1.6063219105453037,0,0,1,0,0,55.86142857142857,-2.5914285714285654
2024-05-31 00:00:00,2024-05,0,0,1,0,51.99,-1.2800000000000011,12.92,0.7995864911522231,-1.233080272167833,-0.04298261180761359,-0.04750000000000032,78.27,91.14,1.6066817374939804,0,0,1,0,0,55.86142857142857,-3.8714285714285666
2024-06-03 00:00:00,2024-05,0,1,1,1,52.77,0.7800000000000011,13.11,0.11154342969859782,1.9033294218374044,-0.5085949922266939,-0.11010000000000009,78.79,93.92,1.8655927273563633,0,0,0,0,0,55.86142857142857,-3.0914285714285654
2024-06-04 00:00:00,2024-05,0,2,1,2,53.95,1.1799999999999997,13.16,0.15016920495655547,1.8995487242780367,-0.028811524809150998,-0.0625,77.65,100.11,1.7399069498703854,0,0,0,0,0,55.86142857142857,-1.9114285714285657
2024-06-05 00:00:00,2024-05,0,3,1,3,55.62,1.6699999999999946,12.63,1.1778026448059027,1.1201141576498166,0.15164751584076955,-0.05039999999999978,75.24,102.43,1.691287441681226,0,0,0,0,0,55.86142857142857,-0.2414285714285711
2024-06-06 00:00:00,2024-05,0,4,1,4,51.87,-3.75,12.58,-0.01998694317565987,-0.7431919689419554,-0.1593319912830427,0.011499999999999844,77.91,100.99,1.4693129034104275,0,0,0,0,0,55.86142857142857,-3.991428571428571
2024-06-07 00:00:00,2024-05,0,5,1,5,50.02,-1.8499999999999943,12.22,-0.11158931807150971,-2.0266013584377096,0.7493324118514141,0.14650000000000052,76.65,91.82,1.6440770606771729,0,0,0,0,0,55.86142857142857,-5.841428571428565
2024-06-10 00:00:00,2024-05,0,6,1,6,50.88,0.8599999999999994,12.74,0.25775665246065954,-0.1066827581680884,0.25233902979558814,0.0334999999999992,78.97,94.16,1.5589737047857597,0,0,0,0,0,55.86142857142857,-4.981428571428566
2024-06-11 00:00:00,2024-05,0,7,1,7,52.49,1.6099999999999994,12.85,0.2706754843457336,-3.402272914231003,0.07605286040120855,-0.06299999999999972,79.95,97.27,2.019459961460746,1,1,0,0,0,55.86142857142857,-3.3714285714285666
2024-06-12 00:00:00,2024-05,0,8,1,8,50.56,-1.9299999999999997,12.04,0.8467727171882782,1.1871849318958532,-0.5574761310779818,-0.08800000000000008,77.6,91.73,1.9107321983834689,1,1,0,0,0,55.86142857142857,-5.301428571428566
2024-06-13 00:00:00,2024-05,0,9,1,9,49.23,-1.3300000000000054,11.94,0.2341828672305396,-2.0880776682004134,0.5251607325094588,-0.07179999999999964,78.2,91.93,1.733253735056961,1,1,0,0,0,55.86142857142857,-6.631428571428572
2024-06-14 00:00:00,2024-05,0,10,1,10,48.56,-0.6699999999999946,12.66,-0.03939131270021622,-1.4227240163543808,0.33594975272937444,-0.023299999999999876,83.72,100.16,1.4982423882242906,0,0,0,0,0,55.86142857142857,-7.301428571428566
2024-06-17 00:00:00,2024-05,0,11,1,11,48.81,0.25,12.75,0.7635185920104081,-0.13521441129047868,-0.21814396662209692,0.05999999999999961,83.34,99.07,1.5478923076284705,0,0,0,0,0,55.86142857142857,-7.051428571428566
2024-06-18 00:00:00,2024-05,0,12,1,12,50.06,1.25,12.3,0.25181897678469145,-2.2616439722027337,-0.06078565645714658,-0.05820000000000025,80.63,97.99,1.572629879152291,0,0,0,0,0,55.86142857142857,-5.801428571428566
2024-06-20 00:00:00,2024-05,0,13,1,13,48.28,-1.7800000000000011,13.28,-0.2529152276068834,0.3215566796449651,0.3168251860501567,0.03670000000000062,85.72,94.14,1.628481515801476,0,0,0,0,0,55.86142857142857,-7.581428571428567
2024-06-21 00:00:00,2024-05,0,14,1,14,47.11,-1.1700000000000017,13.2,-0.1563387437769191,-1.381096188499251,0.1967983074700736,-0.004000000000000448,83.31,94.09,1.3016085596395244,0,0,0,0,0,55.86142857142857,-8.75142857142857
2024-06-07 00:00:00,2024-06,1,-14,0,0,50.02,-1.8499999999999943,12.22,-0.11158931807150971,-2.0266013584377096,0.7493324118514141,0.14650000000000052,76.65,91.82,1.6440770606771729,0,0,0,0,0,49.292142857142856,0.7278571428571468
2024-06-10 00:00:00,2024-06,1,-13,0,0,50.88,0.8599999999999994,12.74,0.25775665246065954,-0.1066827581680884,0.25233902979558814,0.0334999999999992,78.97,94.16,1.5589737047857597,0,0,0,0,0,49.292142857142856,1.5878571428571462
2024-06-11 00:00:00,2024-06,1,-12,0,0,52.49,1.6099999999999994,12.85,0.2706754843457336,-3.402272914231003,0.07605286040120855,-0.06299999999999972,79.95,97.27,2.019459961460746,1,1,0,0,0,49.292142857142856,3.1978571428571456
2024-06-12 00:00:00,2024-06,1,-11,0,0,50.56,-1.9299999999999997,12.04,0.8467727171882782,1.1871849318958532,-0.5574761310779818,-0.08800000000000008,77.6,91.73,1.9107321983834689,1,1,0,0,0,49.292142857142856,1.267857142857146
2024-06-13 00:00:00,2024-06,1,-10,0,0,49.23,-1.3300000000000054,11.94,0.2341828672305396,-2.0880776682004134,0.5251607325094588,-0.07179999999999964,78.2,91.93,1.733253735056961,1,1,0,0,0,49.292142857142856,-0.0621428571428595
2024-06-14 00:00:00,2024-06,1,-9,0,0,48.56,-0.6699999999999946,12.66,-0.03939131270021622,-1.4227240163543808,0.33594975272937444,-0.023299999999999876,83.72,100.16,1.4982423882242906,0,0,0,0,0,49.292142857142856,-0.7321428571428541
2024-06-17 00:00:00,2024-06,1,-8,0,0,48.81,0.25,12.75,0.7635185920104081,-0.13521441129047868,-0.21814396662209692,0.05999999999999961,83.34,99.07,1.5478923076284705,0,0,0,0,0,49.292142857142856,-0.4821428571428541
2024-06-18 00:00:00,2024-06,1,-7,0,0,50.06,1.25,12.3,0.25181897678469145,-2.2616439722027337,-0.06078565645714658,-0.05820000000000025,80.63,97.99,1.572629879152291,0,0,0,0,0,49.292142857142856,0.7678571428571459
2024-06-20 00:00:00,2024-06,1,-6,0,0,48.28,-1.7800000000000011,13.28,-0.2529152276068834,0.3215566796449651,0.3168251860501567,0.03670000000000062,85.72,94.14,1.628481515801476,0,0,0,0,0,49.292142857142856,-1.0121428571428552
2024-06-21 00:00:00,2024-06,1,-5,0,0,47.11,-1.1700000000000017,13.2,-0.1563387437769191,-1.381096188499251,0.1967983074700736,-0.004000000000000448,83.31,94.09,1.3016085596395244,0,0,0,0,0,49.292142857142856,-2.182142857142857
2024-06-24 00:00:00,2024-06,1,-4,0,0,50.96,3.8500000000000014,13.33,-0.3069879221800406,-6.871058297051986,-0.3057715534798671,-0.023299999999999876,84.8,95.2,2.3587788916610704,0,0,0,0,0,49.292142857142856,1.6678571428571445
2024-06-25 00:00:00,2024-06,1,-3,0,0,48.14,-2.8200000000000003,12.84,0.392593090057643,4.020497763239238,0.12696609626785527,0.015500000000000291,82.87,96.97,3.266208366212465,0,0,0,0,0,49.292142857142856,-1.1521428571428558
2024-06-26 00:00:00,2024-06,1,-2,0,0,47.05,-1.0900000000000034,12.55,0.15711783413408376,-1.5628813959446257,0.4204882907617724,0.08179999999999943,81.45,97.91,3.268914601055582,0,0,1,0,0,49.292142857142856,-2.242142857142859
2024-06-27 00:00:00,2024-06,1,-1,0,0,47.94,0.8900000000000006,12.24,0.09068706560974762,0.7588943026856162,-0.13776316354252527,-0.04299999999999926,79.5,95.69,3.3308826579731807,0,0,1,0,0,49.292142857142856,-1.3521428571428586
2024-06-28 00:00:00,2024-06,1,0,1,0,45.4,-2.539999999999999,12.44,-0.4091988512145809,-2.1404832333906465,-0.037776477037275845,0.10969999999999924,79.48,98.59,3.3235195933241934,0,0,1,1,0,49.292142857142856,-3.892142857142858
2024-07-01 00:00:00,2024-06,1,1,1,1,44.71,-0.6899999999999977,12.22,0.2672015942936098,2.1273611650613358,0.03305519775855101,0.06519999999999992,76.05,106.23,3.506367779649852,0,0,0,1,1,49.292142857142856,-4.5821428571428555
2024-07-02 00:00:00,2024-06,1,2,1,2,42.33,-2.3800000000000026,12.03,0.6176219776783534,-2.099160616659657,-0.16916879799326404,-0.02969999999999917,77.06,107.51,3.5392388058729267,0,0,0,1,2,49.292142857142856,-6.962142857142858
2024-07-03 00:00:00,2024-06,1,3,1,3,45.36,3.030000000000001,12.09,0.5071516198197267,-3.9188608980210864,-0.30219087531762,-0.07290000000000063,78.07,102.83,2.796499722777267,0,0,0,1,3,49.292142857142856,-3.932142857142857
2024-07-05 00:00:00,2024-06,1,4,1,4,48.98,3.6199999999999974,12.48,0.5433988413197175,-3.443765034375402,-0.2428514800369199,-0.08029999999999937,78.8,98.78,2.1853926214644326,0,0,0,1,4,49.292142857142856,-0.3121428571428595
2024-07-08 00:00:00,2024-06,1,5,1,5,51.03,2.0500000000000043,12.37,0.10161544279964853,-1.7723947427768547,0.11911853701532321,-0.00010000000000065512,78.59,97.96,2.1883347917686082,0,0,0,1,5,49.292142857142856,1.7378571428571448
2024-07-09 00:00:00,2024-06,1,6,1,6,50.05,-0.980000000000004,12.51,0.07408185037586473,2.9249462132129778,0.12278173522552475,0.017599999999999838,78.58,95.62,2.66248545421777,0,0,0,1,6,49.292142857142856,0.7578571428571408
2024-07-10 00:00:00,2024-06,1,7,1,7,48.69,-1.3599999999999994,12.85,1.0156283642139425,-0.9074292409980004,-0.07707789530746124,-0.011800000000000033,83.41,92.97,2.629623067746384,0,1,0,1,7,49.292142857142856,-0.6021428571428586
2024-07-11 00:00:00,2024-06,1,8,1,8,48.54,-0.14999999999999858,12.92,-0.8801629230176651,0.2587888029966367,-0.5804644725775836,-0.07399999999999984,84.47,89.67,2.336207561541444,0,1,0,1,8,49.292142857142856,-0.7521428571428572
2024-07-12 00:00:00,2024-06,1,9,1,9,46.32,-2.219999999999999,12.46,0.5501853628775982,0.00889564247887548,-0.33280135064618355,-0.02719999999999967,81.61,86.79,2.3488046561819615,0,1,0,1,9,49.292142857142856,-2.972142857142856
2024-07-15 00:00:00,2024-06,1,10,1,10,54.52,8.200000000000003,13.12,0.2822195662042845,5.916158432348798,0.09218272034847826,0.046499999999999986,83.86,94.5,3.1138015448017,0,0,0,1,10,49.292142857142856,5.227857142857147
2024-07-16 00:00:00,2024-06,1,11,1,11,56.49,1.9699999999999989,13.19,0.6369053660041409,1.4266116823112862,0.07771312735507015,-0.07179999999999964,82.4,93.87,2.60792372385315,0,0,0,1,11,49.292142857142856,7.197857142857146
2024-07-17 00:00:00,2024-06,1,12,1,12,58.28,1.7899999999999991,14.48,-1.4025410555021933,-0.26590528426367555,-0.5018806984933543,0.0,88.28,91.0,2.3815772985239323,0,0,0,1,12,49.292142857142856,8.987857142857145
2024-07-18 00:00:00,2024-06,1,13,1,13,57.1,-1.1799999999999997,15.93,-0.784708046968273,-1.0980408369755814,0.40880968435331827,0.04449999999999932,94.71,91.97,2.41973748610576,0,0,0,1,13,49.292142857142856,7.807857142857145
2024-07-19 00:00:00,2024-06,1,14,1,14,60.8,3.6999999999999957,16.52,-0.7165907407029404,4.843090666207123,0.2138381878184872,0.03680000000000039,97.93,94.29,2.7162066206527005,0,0,0,1,14,49.292142857142856,11.50785714285714
2024-07-08 00:00:00,2024-07,0,-14,0,0,51.03,2.0500000000000043,12.37,0.10161544279964853,-1.7723947427768547,0.11911853701532321,-0.00010000000000065512,78.59,97.96,2.1883347917686082,0,0,0,0,0,56.18285714285714,-5.152857142857137
2024-07-09 00:00:00,2024-07,0,-13,0,0,50.05,-0.980000000000004,12.51,0.07408185037586473,2.9249462132129778,0.12278173522552475,0.017599999999999838,78.58,95.62,2.66248545421777,0,0,0,0,0,56.18285714285714,-6.132857142857141
2024-07-10 00:00:00,2024-07,0,-12,0,0,48.69,-1.3599999999999994,12.85,1.0156283642139425,-0.9074292409980004,-0.07707789530746124,-0.011800000000000033,83.41,92.97,2.629623067746384,0,1,0,0,0,56.18285714285714,-7.49285714285714
2024-07-11 00:00:00,2024-07,0,-11,0,0,48.54,-0.14999999999999858,12.92,-0.8801629230176651,0.2587888029966367,-0.5804644725775836,-0.07399999999999984,84.47,89.67,2.336207561541444,0,1,0,0,0,56.18285714285714,-7.642857142857139
2024-07-12 00:00:00,2024-07,0,-10,0,0,46.32,-2.219999999999999,12.46,0.5501853628775982,0.00889564247887548,-0.33280135064618355,-0.02719999999999967,81.61,86.79,2.3488046561819615,0,1,0,0,0,56.18285714285714,-9.862857142857138
2024-07-15 00:00:00,2024-07,0,-9,0,0,54.52,8.200000000000003,13.12,0.2822195662042845,5.916158432348798,0.09218272034847826,0.046499999999999986,83.86,94.5,3.1138015448017,0,0,0,0,0,56.18285714285714,-1.6628571428571348
2024-07-16 00:00:00,2024-07,0,-8,0,0,56.49,1.9699999999999989,13.19,0.6369053660041409,1.4266116823112862,0.07771312735507015,-0.07179999999999964,82.4,93.87,2.60792372385315,0,0,0,0,0,56.18285714285714,0.30714285714286405
2024-07-17 00:00:00,2024-07,0,-7,0,0,58.28,1.7899999999999991,14.48,-1.4025410555021933,-0.26590528426367555,-0.5018806984933543,0.0,88.28,91.0,2.3815772985239323,0,0,0,0,0,56.18285714285714,2.097142857142863
2024-07-18 00:00:00,2024-07,0,-6,0,0,57.1,-1.1799999999999997,15.93,-0.784708046968273,-1.0980408369755814,0.40880968435331827,0.04449999999999932,94.71,91.97,2.41973748610576,0,0,0,0,0,56.18285714285714,0.9171428571428635
2024-07-19 00:00:00,2024-07,0,-5,0,0,60.8,3.6999999999999957,16.52,-0.7165907407029404,4.843090666207123,0.2138381878184872,0.03680000000000039,97.93,94.29,2.7162066206527005,0,0,0,0,0,56.18285714285714,4.617142857142859
2024-07-22 00:00:00,2024-07,0,-4,0,0,67.63,6.829999999999998,14.91,1.073418916597496,0.5974120179039928,-0.07857793514372906,0.013600000000000279,93.66,94.45,2.6915703607729213,0,0,0,0,0,56.18285714285714,11.447142857142858
2024-07-23 00:00:00,2024-07,0,-3,0,0,63.91,-3.719999999999999,14.72,-0.15593317997995004,-3.4238659429548095,0.13029068157257365,-0.0019000000000000128,88.51,95.04,3.284188191968549,0,0,0,0,0,56.18285714285714,7.727142857142859
2024-07-24 00:00:00,2024-07,0,-2,0,0,61.39,-2.519999999999996,18.04,-2.3421178443889508,0.2864205082532784,-0.056502316661624974,0.033199999999999896,106.12,94.81,2.520893445593687,0,0,1,0,0,56.18285714285714,5.207142857142863
2024-07-25 00:00:00,2024-07,0,-1,0,0,61.81,0.4200000000000017,18.46,-0.5155950404248442,-1.168958053228463,-0.034491679224416254,-0.043099999999999916,104.38,99.08,2.5249633055482756,0,0,1,0,0,56.18285714285714,5.627142857142864
2024-07-26 00:00:00,2024-07,0,0,1,0,60.1,-1.7100000000000009,16.39,1.1029442312488889,3.2750257697972103,-0.03737941587868288,-0.046800000000000175,94.61,97.76,2.8091840701164017,0,0,1,0,0,56.18285714285714,3.9171428571428635
2024-07-29 00:00:00,2024-07,0,1,1,1,51.73,-8.370000000000005,16.6,0.08129903108684501,-0.9460320413071007,0.23745702463682924,-0.01949999999999985,93.51,98.65,2.795569973319365,0,0,0,0,0,56.18285714285714,-4.452857142857141
2024-07-30 00:00:00,2024-07,0,2,1,2,50.62,-1.1099999999999994,17.69,-0.4972496433736025,-1.7862893053831344,-0.009563978239672066,-0.03500000000000014,99.97,100.42,2.11768987393962,1,0,0,0,0,56.18285714285714,-5.5628571428571405
2024-07-31 00:00:00,2024-07,0,3,1,3,48.73,-1.8900000000000006,16.36,1.567000529191805,-2.4701845787062537,-0.4390134057958353,-0.1097999999999999,94.25,99.41,2.1807167913459797,1,0,0,0,0,56.18285714285714,-7.452857142857141
2024-08-01 00:00:00,2024-07,0,4,1,4,49.81,1.0800000000000054,18.59,-1.3788191433053192,0.20745208419851946,0.3117254355051671,-0.053600000000000314,111.18,101.82,1.8902083943271075,1,0,0,0,0,56.18285714285714,-6.372857142857136
2024-08-02 00:00:00,2024-07,0,5,1,5,51.4,1.5899999999999963,23.39,-1.8552885294602866,-3.3677588706813752,-1.1684435223157117,-0.1856,136.81,112.26,2.163034233944624,0,0,0,0,0,56.18285714285714,-4.782857142857139
2024-08-05 00:00:00,2024-07,0,6,1,6,63.08,11.68,38.57,-3.042704549688219,-8.355457228732975,-0.5041366306594796,-0.0019999999999997797,173.32,121.22,3.565918636000333,0,0,0,0,0,56.18285714285714,6.89714285714286
2024-08-06 00:00:00,2024-07,0,7,1,7,61.54,-1.5399999999999991,27.71,1.0300905557719546,3.922954448333048,0.27229689387854783,0.10349999999999993,150.09,119.24,3.727982156051915,0,0,0,0,0,56.18285714285714,5.357142857142861
2024-08-07 00:00:00,2024-07,0,8,1,8,60.88,-0.6599999999999966,27.85,-0.7764756389251183,-2.5377108351074025,0.2211810802460397,0.05119999999999969,151.24,112.69,3.713742919150534,0,0,0,0,0,56.18285714285714,4.697142857142865
2024-08-08 00:00:00,2024-07,0,9,1,9,56.81,-4.07,23.79,2.2781128575607585,7.648195111038225,0.011627568979130221,0.04459999999999997,134.34,110.42,5.23005484610506,0,0,0,0,0,56.18285714285714,0.6271428571428643
2024-08-09 00:00:00,2024-07,0,10,1,10,55.02,-1.7899999999999991,20.37,0.4660780212150723,2.059920029360318,-0.0717248896720201,-0.04789999999999983,114.63,108.26,5.25580185908557,0,0,0,0,0,56.18285714285714,-1.1628571428571348
2024-08-12 00:00:00,2024-07,0,11,1,11,57.48,2.4599999999999937,20.71,0.004303670751142209,0.57504610422387,0.0038783365819245836,-0.03629999999999978,121.94,118.26,5.260757566210809,0,0,0,0,0,56.18285714285714,1.297142857142859
2024-08-13 00:00:00,2024-07,0,12,1,12,56.92,-0.5599999999999952,18.12,1.6707226654933076,2.8981434832761135,-0.5639350281567866,-0.0607000000000002,113.89,118.44,5.125104759660216,0,1,0,0,0,56.18285714285714,0.7371428571428638
2024-08-14 00:00:00,2024-07,0,13,1,13,55.31,-1.6099999999999994,16.19,0.3816476067632372,-2.3871363717636394,0.008775051559067971,-0.007600000000000051,107.81,106.34,3.6010388986247306,0,1,0,0,0,56.18285714285714,-0.8728571428571357
2024-08-15 00:00:00,2024-07,0,14,1,14,55.64,0.3299999999999983,15.23,1.6004444012785939,-4.277090625481965,0.39796690729885,0.07790000000000008,105.42,103.74,4.075082387742725,0,1,0,0,0,56.18285714285714,-0.5428571428571374
2024-08-12 00:00:00,2024-08,0,-14,0,0,57.48,2.4599999999999937,20.71,0.004303670751142209,0.57504610422387,0.0038783365819245836,-0.03629999999999978,121.94,118.26,5.260757566210809,0,0,0,0,0,54.31928571428572,3.1607142857142776
2024-08-13 00:00:00,2024-08,0,-13,0,0,56.92,-0.5599999999999952,18.12,1.6707226654933076,2.8981434832761135,-0.5639350281567866,-0.0607000000000002,113.89,118.44,5.125104759660216,0,1,0,0,0,54.31928571428572,2.6007142857142824
2024-08-14 00:00:00,2024-08,0,-12,0,0,55.31,-1.6099999999999994,16.19,0.3816476067632372,-2.3871363717636394,0.008775051559067971,-0.007600000000000051,107.81,106.34,3.6010388986247306,0,1,0,0,0,54.31928571428572,0.990714285714283
2024-08-15 00:00:00,2024-08,0,-11,0,0,55.64,0.3299999999999983,15.23,1.6004444012785939,-4.277090625481965,0.39796690729885,0.07790000000000008,105.42,103.74,4.075082387742725,0,1,0,0,0,54.31928571428572,1.3207142857142813
2024-08-16 00:00:00,2024-08,0,-10,0,0,53.12,-2.520000000000003,14.8,0.19878411263283946,4.515590664162491,-0.5003904522059862,-0.03049999999999997,103.42,102.81,4.0509673152117225,0,0,0,0,0,54.31928571428572,-1.1992857142857218
2024-08-19 00:00:00,2024-08,0,-9,0,0,53.68,0.5600000000000023,14.65,0.9675327436177775,-1.2126901102506353,-0.5647216609109244,-0.011499999999999844,98.82,110.13,3.113210529419271,0,0,0,0,0,54.31928571428572,-0.6392857142857196
2024-08-20 00:00:00,2024-08,0,-8,0,0,54.06,0.38000000000000256,15.88,-0.1986548174716506,0.3494168461831094,-0.4377192507729385,-0.06440000000000001,101.74,111.57,3.0186837472924086,0,0,0,0,0,54.31928571428572,-0.259285714285717
2024-08-21 00:00:00,2024-08,0,-7,0,0,54.68,0.6199999999999974,16.27,0.4230718284184624,3.211027182148271,-0.39707677616974585,-0.005700000000000038,106.72,111.38,3.2484532644712507,0,0,0,0,0,54.31928571428572,0.36071428571428044
2024-08-22 00:00:00,2024-08,0,-6,0,0,53.99,-0.6899999999999977,17.55,-0.8972949425464468,-0.9229163914098868,0.4631032187085564,0.05109999999999992,112.53,108.5,3.0839050546077744,0,0,0,0,0,54.31928571428572,-0.3292857142857173
2024-08-23 00:00:00,2024-08,0,-5,0,0,55.43,1.4399999999999977,15.86,1.1417986208502449,4.828793216362659,-0.7813080600327797,-0.05310000000000015,99.22,105.63,3.3846560137286614,0,0,0,0,0,54.31928571428572,1.1107142857142804
2024-08-26 00:00:00,2024-08,0,-4,0,0,51.58,-3.8500000000000014,16.15,-0.3158706615574787,-1.2454953665826942,0.13196475579208847,0.016999999999999904,100.68,106.66,2.7403437902617545,0,0,0,0,0,54.31928571428572,-2.739285714285721
2024-08-27 00:00:00,2024-08,0,-3,0,0,52.69,1.1099999999999994,15.43,0.15939320118754585,-2.546487525102068,-0.2969173444934515,0.005600000000000271,93.45,109.22,2.684604506510923,0,0,0,0,0,54.31928571428572,-1.6292857142857216
2024-08-28 00:00:00,2024-08,0,-2,0,0,52.91,0.21999999999999886,17.11,-0.5993966945423386,-4.134608747849789,0.5375770461766807,0.01330000000000009,106.32,108.76,3.154425173184929,0,0,1,0,0,54.31928571428572,-1.4092857142857227
2024-08-29 00:00:00,2024-08,0,-1,0,0,52.98,0.07000000000000028,15.65,-0.003934142455813639,0.31093371205956555,0.2460025840862399,0.026599999999999735,97.08,106.7,3.15361444364593,0,0,1,0,0,54.31928571428572,-1.3392857142857224
2024-08-30 00:00:00,2024-08,0,0,1,0,51.96,-1.019999999999996,15.0,1.0042467382856683,-0.8220445693888597,0.3496834252594092,0.04190000000000005,93.73,107.77,2.8029265063700497,0,0,1,0,0,54.31928571428572,-2.3592857142857184
2024-09-03 00:00:00,2024-08,0,1,1,1,55.29,3.3299999999999983,20.72,-2.137801245458143,-1.3483939304546058,0.1690600860697969,-0.07240000000000002,129.79,114.2,2.814486350342136,0,0,0,0,0,54.31928571428572,0.9707142857142799
2024-09-04 00:00:00,2024-08,0,2,1,2,55.73,0.4399999999999977,21.32,-0.16037653903594354,-0.29173332838839056,-0.4596849365830159,-0.07580000000000009,123.47,119.15,1.4887135456563725,0,0,0,0,0,54.31928571428572,1.4107142857142776
2024-09-05 00:00:00,2024-08,0,3,1,3,56.79,1.0600000000000023,19.9,-0.30226412501879546,-3.452251355231032,-0.24794421612426318,-0.02829999999999977,115.01,114.81,1.664062209360237,0,0,0,0,0,54.31928571428572,2.47071428571428
2024-09-06 00:00:00,2024-08,0,4,1,4,59.46,2.6700000000000017,22.38,-1.7410901670867562,-5.9092433463973215,0.06920962883288506,-0.018899999999999917,119.33,107.24,2.2960420595971507,0,0,0,0,0,54.31928571428572,5.140714285714282
2024-09-09 00:00:00,2024-08,0,5,1,5,58.82,-0.6400000000000006,19.45,1.1513555690021489,4.745700985066906,0.36995242683819124,-0.007600000000000051,110.85,104.61,3.303855541695355,0,0,0,0,0,54.31928571428572,4.500714285714281
2024-09-10 00:00:00,2024-08,0,6,1,6,57.18,-1.6400000000000006,19.08,0.4462660724490219,0.9673512506027949,0.07677845855605804,-0.05810000000000004,107.2,108.36,3.355081838298315,0,1,0,0,0,54.31928571428572,2.8607142857142804
2024-09-11 00:00:00,2024-08,0,7,1,7,54.84,-2.3399999999999963,17.69,1.0608580303038784,-0.13949735599050253,0.05311980608297827,0.011099999999999888,102.9,103.79,3.3667057674668768,0,1,0,0,0,54.31928571428572,0.5207142857142841
2024-09-12 00:00:00,2024-08,0,8,1,8,53.96,-0.8800000000000026,17.07,0.746737294203047,1.2094918919440611,-0.3132236000875286,0.02059999999999995,103.94,98.03,3.432327501751219,0,1,0,0,0,54.31928571428572,-0.3592857142857184
2024-09-13 00:00:00,2024-08,0,9,1,9,52.51,-1.4500000000000028,16.56,0.5393096878371416,2.8522417806070894,-0.24891360145371683,-0.022699999999999942,101.88,100.6,3.649236151626245,0,0,0,0,0,54.31928571428572,-1.8092857142857213
2024-09-16 00:00:00,2024-08,0,10,1,10,53.29,0.7800000000000011,17.14,0.12558720767880024,-3.643630352924307,-0.34773684341811467,-0.03370000000000006,106.67,101.22,3.6803371305271755,0,0,0,0,0,54.31928571428572,-1.0292857142857201
2024-09-17 00:00:00,2024-08,0,11,1,11,53.12,-0.1700000000000017,17.61,0.026447349073670166,4.191460437978437,0.12992360138997197,0.028000000000000025,107.19,101.58,2.8608198596876844,1,0,0,0,0,54.31928571428572,-1.1992857142857218
2024-09-18 00:00:00,2024-08,0,12,1,12,51.59,-1.529999999999994,18.23,-0.29006031263851695,0.15758129645556615,-0.2957965331090242,0.05820000000000025,105.43,98.61,2.481618910179572,1,0,0,0,0,54.31928571428572,-2.729285714285716
2024-09-19 00:00:00,2024-08,0,13,1,13,51.95,0.35999999999999943,16.33,1.6834291247586948,4.559500004473635,0.017891754930695156,0.009299999999999642,97.46,92.64,2.8640937846846826,1,0,0,0,0,54.31928571428572,-2.3692857142857164
2024-09-20 00:00:00,2024-08,0,14,1,14,50.15,-1.8000000000000043,16.15,-0.1942855451501775,-0.3473390702413968,0.10827618435662928,0.028200000000000003,94.27,91.0,2.8826716940250385,0,0,0,0,0,54.31928571428572,-4.169285714285721
2024-09-09 00:00:00,2024-09,1,-14,0,0,58.82,-0.6400000000000006,19.45,1.1513555690021489,4.745700985066906,0.36995242683819124,-0.007600000000000051,110.85,104.61,3.303855541695355,0,0,0,0,0,52.964999999999996,5.855000000000004
2024-09-10 00:00:00,2024-09,1,-13,0,0,57.18,-1.6400000000000006,19.08,0.4462660724490219,0.9673512506027949,0.07677845855605804,-0.05810000000000004,107.2,108.36,3.355081838298315,0,1,0,0,0,52.964999999999996,4.215000000000003
2024-09-11 00:00:00,2024-09,1,-12,0,0,54.84,-2.3399999999999963,17.69,1.0608580303038784,-0.13949735599050253,0.05311980608297827,0.011099999999999888,102.9,103.79,3.3667057674668768,0,1,0,0,0,52.964999999999996,1.875000000000007
2024-09-12 00:00:00,2024-09,1,-11,0,0,53.96,-0.8800000000000026,17.07,0.746737294203047,1.2094918919440611,-0.3132236000875286,0.02059999999999995,103.94,98.03,3.432327501751219,0,1,0,0,0,52.964999999999996,0.9950000000000045
2024-09-13 00:00:00,2024-09,1,-10,0,0,52.51,-1.4500000000000028,16.56,0.5393096878371416,2.8522417806070894,-0.24891360145371683,-0.022699999999999942,101.88,100.6,3.649236151626245,0,0,0,0,0,52.964999999999996,-0.4549999999999983
2024-09-16 00:00:00,2024-09,1,-9,0,0,53.29,0.7800000000000011,17.14,0.12558720767880024,-3.643630352924307,-0.34773684341811467,-0.03370000000000006,106.67,101.22,3.6803371305271755,0,0,0,0,0,52.964999999999996,0.32500000000000284
2024-09-17 00:00:00,2024-09,1,-8,0,0,53.12,-0.1700000000000017,17.61,0.026447349073670166,4.191460437978437,0.12992360138997197,0.028000000000000025,107.19,101.58,2.8608198596876844,1,0,0,0,0,52.964999999999996,0.15500000000000114
2024-09-18 00:00:00,2024-09,1,-7,0,0,51.59,-1.529999999999994,18.23,-0.29006031263851695,0.15758129645556615,-0.2957965331090242,0.05820000000000025,105.43,98.61,2.481618910179572,1,0,0,0,0,52.964999999999996,-1.374999999999993
2024-09-19 00:00:00,2024-09,1,-6,0,0,51.95,0.35999999999999943,16.33,1.6834291247586948,4.559500004473635,0.017891754930695156,0.009299999999999642,97.46,92.64,2.8640937846846826,1,0,0,0,0,52.964999999999996,-1.0149999999999935
2024-09-20 00:00:00,2024-09,1,-5,0,0,50.15,-1.8000000000000043,16.15,-0.1942855451501775,-0.3473390702413968,0.10827618435662928,0.028200000000000003,94.27,91.0,2.8826716940250385,0,0,0,0,0,52.964999999999996,-2.8149999999999977
2024-09-23 00:00:00,2024-09,1,-4,0,0,50.45,0.30000000000000426,15.89,0.2805330914356826,0.16869002757516274,0.12700052308770862,0.007600000000000051,94.41,93.87,2.9137548355021172,0,0,0,0,0,52.964999999999996,-2.5149999999999935
2024-09-24 00:00:00,2024-09,1,-3,0,0,51.52,1.0700000000000003,15.39,0.25079697029956893,1.4264613443994525,-0.38248182652682644,-0.020899999999999697,90.93,93.3,2.822019977218683,0,0,0,0,0,52.964999999999996,-1.4449999999999932
2024-09-25 00:00:00,2024-09,1,-2,0,0,49.75,-1.7700000000000031,15.41,-0.18629115860669923,-1.1561271389994776,0.4429488119092855,0.05689999999999973,90.48,91.64,2.2483595279853748,0,0,1,0,0,52.964999999999996,-3.2149999999999963
2024-09-26 00:00:00,2024-09,1,-1,0,0,52.38,2.6300000000000026,15.37,0.4030480802872329,1.8571687371186762,-0.3474397213372277,0.011400000000000077,89.86,90.14,1.8901348012045247,0,0,1,0,0,52.964999999999996,-0.5849999999999937
2024-09-27 00:00:00,2024-09,1,0,1,0,51.91,-0.47000000000000597,16.96,-0.12539688882457198,1.7391793359986725,-0.18015063869039746,-0.045700000000000074,101.34,92.53,1.8737654960609023,0,0,1,1,0,52.964999999999996,-1.0549999999999997
2024-09-30 00:00:00,2024-09,1,1,1,1,54.21,2.3000000000000043,16.73,0.4227593432856073,-3.1618021504575946,0.39570542785123475,0.030299999999999994,99.34,94.61,1.823539421195835,0,0,0,1,1,52.964999999999996,1.2450000000000045
2024-10-01 00:00:00,2024-09,1,2,1,2,56.64,2.4299999999999997,19.26,-0.9367852083837028,-4.814943599496358,0.4109465958649589,-0.04939999999999989,110.14,104.14,2.608804640767955,0,0,0,1,2,52.964999999999996,3.6750000000000043
2024-10-02 00:00:00,2024-09,1,3,1,3,56.35,-0.28999999999999915,18.9,0.01383744853669804,0.1948693154414692,0.4761655560455138,0.04939999999999989,107.97,102.17,2.610046947547115,0,0,0,1,3,52.964999999999996,3.385000000000005
2024-10-03 00:00:00,2024-09,1,4,1,4,57.45,1.1000000000000014,20.49,-0.16828115331257495,-0.21232533220539201,0.3063842212890859,0.06490000000000018,115.64,101.16,2.47209456987227,0,0,0,1,4,52.964999999999996,4.4850000000000065
2024-10-04 00:00:00,2024-09,1,5,1,5,55.53,-1.9200000000000017,19.21,0.8930275984437889,2.669395373558234,0.5192937164343382,0.12139999999999995,110.63,100.15,2.7819785372709815,0,0,0,1,5,52.964999999999996,2.565000000000005
2024-10-07 00:00:00,2024-09,1,6,1,6,56.6,1.0700000000000003,22.64,-0.9632284107421168,0.6166323158562451,0.016580755632792918,0.058399999999999785,122.58,124.23,2.662552251627443,0,0,0,1,6,52.964999999999996,3.635000000000005
2024-10-08 00:00:00,2024-09,1,7,1,7,55.63,-0.9699999999999989,21.42,0.9642716894192713,-1.053775513157915,0.011702407783764074,-0.013700000000000045,114.82,123.77,2.4878777620197,0,0,0,1,7,52.964999999999996,2.6650000000000063
2024-10-09 00:00:00,2024-09,1,8,1,8,56.11,0.4799999999999969,20.86,0.7088203896394327,-3.186643527559421,0.36889815386088953,0.06070000000000064,119.36,122.39,2.491784329981916,0,1,0,1,8,52.964999999999996,3.145000000000003
2024-10-10 00:00:00,2024-09,1,9,1,9,54.97,-1.1400000000000006,20.93,-0.20722279710146596,-1.1065704529127396,0.058276191940469846,-0.011800000000000033,117.43,116.56,1.800994350684068,0,1,0,1,9,52.964999999999996,2.0050000000000026
2024-10-11 00:00:00,2024-09,1,10,1,10,57.51,2.539999999999999,20.46,0.6033611862785232,5.33570480122398,-0.09520202003302296,0.039499999999999424,113.99,118.47,2.8038842436071096,0,1,0,1,10,52.964999999999996,4.545000000000002
2024-10-14 00:00:00,2024-09,1,11,1,11,57.85,0.3400000000000034,19.7,0.7678060962994168,4.919085111329972,0.39575584662250973,0.0,107.22,,3.2422067905407945,0,0,0,1,11,52.964999999999996,4.885000000000005
2024-10-15 00:00:00,2024-09,1,12,1,12,58.15,0.29999999999999716,20.64,-0.7638509068754147,0.8673132354402058,-0.0358251157255153,-0.0686,112.9,127.23,3.1741903027819505,0,0,0,1,12,52.964999999999996,5.185000000000002
2024-10-16 00:00:00,2024-09,1,13,1,13,57.44,-0.7100000000000009,19.58,0.46681557065759915,1.6997815519913504,0.31810363733218133,-0.01949999999999985,111.62,121.86,3.1837154203633884,0,0,0,1,13,52.964999999999996,4.475000000000001
2024-10-17 00:00:00,2024-09,1,14,1,14,56.4,-1.0399999999999991,19.11,-0.017117513483320915,-1.0197325014060024,0.2265989446806594,0.07840000000000025,105.89,122.14,3.179958179003206,0,0,0,1,14,52.964999999999996,3.4350000000000023
2024-10-07 00:00:00,2024-10,0,-14,0,0,56.6,1.0700000000000003,22.64,-0.9632284107421168,0.6166323158562451,0.016580755632792918,0.058399999999999785,122.58,124.23,2.662552251627443,0,0,0,0,0,56.49214285714286,0.10785714285714221
2024-10-08 00:00:00,2024-10,0,-13,0,0,55.63,-0.9699999999999989,21.42,0.9642716894192713,-1.053775513157915,0.011702407783764074,-0.013700000000000045,114.82,123.77,2.4878777620197,0,0,0,0,0,56.49214285714286,-0.8621428571428567
2024-10-09 00:00:00,2024-10,0,-12,0,0,56.11,0.4799999999999969,20.86,0.7088203896394327,-3.186643527559421,0.36889815386088953,0.06070000000000064,119.36,122.39,2.491784329981916,0,1,0,0,0,56.49214285714286,-0.3821428571428598
2024-10-10 00:00:00,2024-10,0,-11,0,0,54.97,-1.1400000000000006,20.93,-0.20722279710146596,-1.1065704529127396,0.058276191940469846,-0.011800000000000033,117.43,116.56,1.800994350684068,0,1,0,0,0,56.49214285714286,-1.5221428571428604
2024-10-11 00:00:00,2024-10,0,-10,0,0,57.51,2.539999999999999,20.46,0.6033611862785232,5.33570480122398,-0.09520202003302296,0.039499999999999424,113.99,118.47,2.8038842436071096,0,1,0,0,0,56.49214285714286,1.0178571428571388
2024-10-14 00:00:00,2024-10,0,-9,0,0,57.85,0.3400000000000034,19.7,0.7678060962994168,4.919085111329972,0.39575584662250973,0.0,107.22,,3.2422067905407945,0,0,0,0,0,56.49214285714286,1.3578571428571422
2024-10-15 00:00:00,2024-10,0,-8,0,0,58.15,0.29999999999999716,20.64,-0.7638509068754147,0.8673132354402058,-0.0358251157255153,-0.0686,112.9,127.23,3.1741903027819505,0,0,0,0,0,56.49214285714286,1.6578571428571394
2024-10-16 00:00:00,2024-10,0,-7,0,0,57.44,-0.7100000000000009,19.58,0.46681557065759915,1.6997815519913504,0.31810363733218133,-0.01949999999999985,111.62,121.86,3.1837154203633884,0,0,0,0,0,56.49214285714286,0.9478571428571385
2024-10-17 00:00:00,2024-10,0,-6,0,0,56.4,-1.0399999999999991,19.11,-0.017117513483320915,-1.0197325014060024,0.2265989446806594,0.07840000000000025,105.89,122.14,3.179958179003206,0,0,0,0,0,56.49214285714286,-0.09214285714286063
2024-10-18 00:00:00,2024-10,0,-5,0,0,55.18,-1.2199999999999989,18.03,0.3963737043124536,2.195182582674938,-0.32028119488394424,-0.007800000000000473,100.95,123.13,2.5707645899897726,0,0,0,0,0,56.49214285714286,-1.3121428571428595
2024-10-21 00:00:00,2024-10,0,-4,0,0,55.69,0.509999999999998,18.37,-0.18244427413090425,-1.5199488332922289,0.5002299532486697,0.11280000000000001,102.96,128.95,2.653200013705428,0,0,0,0,0,56.49214285714286,-0.8021428571428615
2024-10-22 00:00:00,2024-10,0,-3,0,0,55.77,0.0800000000000054,18.2,-0.04750033835055116,-0.3300272254447786,0.06055159805745257,0.012000000000000455,100.5,129.26,2.2169181192407605,0,0,0,0,0,56.49214285714286,-0.7221428571428561
2024-10-23 00:00:00,2024-10,0,-2,0,0,56.29,0.519999999999996,19.24,-0.9233777411953054,-1.3599102930048472,0.34147731569673345,0.03799999999999937,108.11,129.05,1.5126222701222076,0,0,0,0,0,56.49214285714286,-0.20214285714286007
2024-10-24 00:00:00,2024-10,0,-1,0,0,57.3,1.009999999999998,19.08,0.21434831869283494,2.321022904894531,-0.35781302415026267,-0.033799999999999386,109.84,127.48,1.7243326494296962,0,0,0,0,0,56.49214285714286,0.8078571428571379
2024-10-25 00:00:00,2024-10,0,0,1,0,58.08,0.7800000000000011,20.33,-0.029953572187414155,-2.0479018100047415,0.19105687111699599,0.028099999999999348,117.5,128.4,1.7918832107730625,0,0,0,0,0,56.49214285714286,1.587857142857139
2024-10-28 00:00:00,2024-10,0,1,1,1,57.78,-0.29999999999999716,19.8,0.2647951449370799,2.7991704304324867,0.056574917725382874,0.04220000000000024,112.23,130.92,2.077616407640361,0,0,0,0,0,56.49214285714286,1.287857142857142
2024-10-29 00:00:00,2024-10,0,2,1,2,59.83,2.049999999999997,19.34,0.16128426925638534,3.8051678576876844,0.0,-0.02799999999999958,108.7,131.87,2.3889551600306547,0,0,1,0,0,56.49214285714286,3.337857142857139
2024-10-30 00:00:00,2024-10,0,3,1,3,59.11,-0.7199999999999989,20.35,-0.33056916281390036,0.7223014818062509,-0.3091548715512455,0.046299999999999564,112.77,130.8,2.2130774121804273,0,0,1,0,0,56.49214285714286,2.61785714285714
2024-10-31 00:00:00,2024-10,0,4,1,4,58.23,-0.8800000000000026,23.16,-1.879018259951983,-4.058898796371454,-0.01731018901278291,-0.016000000000000014,121.89,135.18,2.8885386822123484,0,0,1,0,0,56.49214285714286,1.7378571428571377
2024-11-01 00:00:00,2024-10,0,5,1,5,59.77,1.5400000000000063,21.88,0.40842263302362364,-1.0667598112983652,0.2938664735199673,0.09920000000000062,119.12,132.58,2.8622720424124917,0,0,0,0,0,56.49214285714286,3.277857142857144
2024-11-04 00:00:00,2024-10,0,6,1,6,64.97,5.199999999999996,21.98,-0.28160686495115017,-2.9783523977072885,-0.38142499177374367,-0.09890000000000043,121.8,136.25,2.954465209190131,0,0,0,0,0,56.49214285714286,8.47785714285714
2024-11-05 00:00:00,2024-10,0,7,1,7,63.71,-1.259999999999998,20.49,1.219106130274809,3.0487473783441073,-0.4457143620561909,-0.01389999999999958,114.32,130.43,3.1058395295945664,0,0,0,0,0,56.49214285714286,7.217857142857142
2024-11-06 00:00:00,2024-10,0,8,1,8,55.97,-7.740000000000002,16.27,2.498123383889653,9.373493258485954,1.5970719913720812,0.1606999999999994,97.24,117.64,4.6091109316912044,1,0,0,0,0,56.49214285714286,-0.5221428571428604
2024-11-07 00:00:00,2024-10,0,9,1,9,53.55,-2.4200000000000017,15.2,0.7403744412989464,0.0006055854727844638,-0.5534470891305521,-0.10579999999999945,88.6,104.08,4.482033358301293,1,0,0,0,0,56.49214285714286,-2.942142857142862
2024-11-08 00:00:00,2024-10,0,10,1,10,49.85,-3.6999999999999957,14.94,0.3749803869799434,0.747778580088648,0.46681548221780167,-0.021400000000000752,87.76,99.85,4.48204572901604,1,0,0,0,0,56.49214285714286,-6.642142857142858
2024-11-11 00:00:00,2024-10,0,11,1,11,61.52,11.670000000000002,14.97,0.09685844338363746,9.637706129365815,0.5186674494365973,0.0,90.73,,5.0052688025950305,0,0,0,0,0,56.49214285714286,5.027857142857144
2024-11-12 00:00:00,2024-10,0,12,1,12,57.69,-3.8300000000000054,14.71,-0.28968743715661893,0.3467272207247099,0.4547030763230613,0.12320000000000064,89.45,108.55,4.8551609449045126,0,1,0,0,0,56.49214285714286,1.1978571428571385
2024-11-13 00:00:00,2024-10,0,13,1,13,58.54,0.8500000000000014,14.02,0.02322595101076364,0.3545441896608151,0.43010818993904804,0.023699999999999832,91.76,102.08,4.318378692977542,0,1,0,0,0,56.49214285714286,2.04785714285714
2024-11-14 00:00:00,2024-10,0,14,1,14,59.46,0.9200000000000017,14.31,-0.6068115029117461,-0.475348245141442,0.1801514885268856,-0.01580000000000048,90.43,99.43,4.559216624531557,0,1,0,0,0,56.49214285714286,2.9678571428571416
2024-11-08 00:00:00,2024-11,0,-14,0,0,49.85,-3.6999999999999957,14.94,0.3749803869799434,0.747778580088648,0.46681548221780167,-0.021400000000000752,87.76,99.85,4.48204572901604,1,0,0,0,0,58.839999999999996,-8.989999999999995
2024-11-11 00:00:00,2024-11,0,-13,0,0,61.52,11.670000000000002,14.97,0.09685844338363746,9.637706129365815,0.5186674494365973,0.0,90.73,,5.0052688025950305,0,0,0,0,0,58.839999999999996,2.680000000000007
2024-11-12 00:00:00,2024-11,0,-12,0,0,57.69,-3.8300000000000054,14.71,-0.28968743715661893,0.3467272207247099,0.4547030763230613,0.12320000000000064,89.45,108.55,4.8551609449045126,0,1,0,0,0,58.839999999999996,-1.1499999999999986
2024-11-13 00:00:00,2024-11,0,-11,0,0,58.54,0.8500000000000014,14.02,0.02322595101076364,0.3545441896608151,0.43010818993904804,0.023699999999999832,91.76,102.08,4.318378692977542,0,1,0,0,0,58.839999999999996,-0.29999999999999716
2024-11-14 00:00:00,2024-11,0,-10,0,0,59.46,0.9200000000000017,14.31,-0.6068115029117461,-0.475348245141442,0.1801514885268856,-0.01580000000000048,90.43,99.43,4.559216624531557,0,1,0,0,0,58.839999999999996,0.6200000000000045
2024-11-15 00:00:00,2024-11,0,-9,0,0,56.29,-3.1700000000000017,16.14,-1.3291463960568204,3.920137616076485,0.013123359598888211,0.004000000000000448,98.93,102.47,3.631226825901908,0,0,0,0,0,58.839999999999996,-2.549999999999997
2024-11-18 00:00:00,2024-11,0,-8,0,0,58.3,2.009999999999998,15.58,0.39101598241076657,2.462139138061967,-0.38692397141719875,-0.025599999999999845,93.81,102.01,3.5140430722957996,0,0,0,0,0,58.839999999999996,-0.5399999999999991
2024-11-19 00:00:00,2024-11,0,-7,0,0,58.25,-0.04999999999999716,16.35,0.39557737052673714,1.0188532821477714,-0.06494698577794913,-0.017599999999999838,97.37,105.12,3.4938809535435276,0,0,0,0,0,58.839999999999996,-0.5899999999999963
2024-11-20 00:00:00,2024-11,0,-6,0,0,60.18,1.9299999999999997,17.16,0.002197042611731634,2.3103792898706095,0.44530949267391096,0.013799999999999812,102.2,106.69,1.5367655764964288,0,0,0,0,0,58.839999999999996,1.3400000000000034
2024-11-21 00:00:00,2024-11,0,-5,0,0,61.29,1.1099999999999994,16.87,0.5326235305174983,3.7619243313043094,0.273341866032942,0.011800000000000033,101.3,101.9,1.6752545361251003,0,0,0,0,0,58.839999999999996,2.450000000000003
2024-11-22 00:00:00,2024-11,0,-4,0,0,60.78,-0.509999999999998,15.24,0.34619792004100736,1.351905352094942,0.5425929051709875,-0.021600000000000286,95.13,99.14,1.5595800243062248,0,0,0,0,0,58.839999999999996,1.9400000000000048
2024-11-25 00:00:00,2024-11,0,-3,0,0,60.65,-0.13000000000000256,14.6,0.3015882072251307,-3.487600225670715,-0.6875957136955957,-0.12709999999999955,88.79,99.96,2.502835932734119,0,0,0,0,0,58.839999999999996,1.8100000000000023
2024-11-26 00:00:00,2024-11,0,-2,0,0,61.23,0.5799999999999983,14.1,0.5705736188806684,-2.2263620345035093,0.18332325201525554,0.03309999999999924,87.71,99.18,2.635904577316393,0,0,1,0,0,58.839999999999996,2.3900000000000006
2024-11-27 00:00:00,2024-11,0,-1,0,0,59.73,-1.5,14.1,-0.3808539615374875,5.052207922537737,-0.8719089291754278,-0.04279999999999973,88.36,97.74,3.06460066783978,0,0,1,0,0,58.839999999999996,0.8900000000000006
2024-11-29 00:00:00,2024-11,0,0,1,0,56.11,-3.6199999999999974,13.51,0.5592178893918033,2.417159815982448,-0.2936942876479821,-0.09489999999999998,86.32,95.22,3.1028798951205436,0,0,0,0,0,58.839999999999996,-2.729999999999997
2024-12-02 00:00:00,2024-11,0,1,1,1,55.94,-0.1700000000000017,13.34,0.24454606033056034,-2.4883902633221227,0.6682935378948562,0.02120000000000033,87.11,97.81,3.3644621305139557,0,0,0,0,0,58.839999999999996,-2.8999999999999986
2024-12-03 00:00:00,2024-11,0,2,1,2,56.5,0.5600000000000023,13.3,0.04513504631047032,0.6956571407199105,-0.07612388824969203,0.03479999999999972,86.43,95.6,3.0752861450941786,0,0,0,0,0,58.839999999999996,-2.3399999999999963
2024-12-04 00:00:00,2024-11,0,3,1,3,57.17,0.6700000000000017,13.45,0.6033123750502108,1.8458449456971042,-0.04137554952154911,-0.044500000000000206,86.48,92.25,3.1118973419795286,0,0,0,0,0,58.839999999999996,-1.6699999999999946
2024-12-05 00:00:00,2024-11,0,4,1,4,60.96,3.789999999999999,13.54,-0.18714648272306858,1.1718720046120654,-0.5725485492306995,-0.0038999999999997925,86.95,91.48,2.6395768045077244,0,0,0,0,0,58.839999999999996,2.1200000000000045
2024-12-06 00:00:00,2024-11,0,5,1,5,58.44,-2.520000000000003,12.77,0.24923196558419955,1.5393800382784402,0.32204930346326516,-0.02320000000000011,87.38,83.2,2.2447080978647875,0,0,0,0,0,58.839999999999996,-0.3999999999999986
2024-12-09 00:00:00,2024-11,0,6,1,6,59.74,1.3000000000000043,14.19,-0.6163180212196304,-3.204780043557377,0.08482564127854883,0.04830000000000023,93.84,85.63,2.212886638050935,0,0,0,0,0,58.839999999999996,0.9000000000000057
2024-12-10 00:00:00,2024-11,0,7,1,7,59.18,-0.5600000000000023,14.18,-0.29682940713745676,-0.02443171512887351,0.2390094483172141,0.025100000000000122,94.35,90.1,2.002768349761555,0,1,0,0,0,58.839999999999996,0.3400000000000034
2024-12-11 00:00:00,2024-11,0,8,1,8,59.94,0.759999999999998,13.58,0.8132661932885082,4.736991119832746,0.2918696261336242,0.04479999999999951,98.12,82.4,2.373994355978377,0,1,0,0,0,58.839999999999996,1.1000000000000014
2024-12-12 00:00:00,2024-11,0,9,1,9,60.14,0.20000000000000284,13.92,-0.5428741091956448,-1.8128342320298765,0.2302660308107186,0.056700000000000195,99.43,82.66,2.600126467004995,0,1,0,0,0,58.839999999999996,1.3000000000000043
2024-12-13 00:00:00,2024-11,0,10,1,10,59.0,-1.1400000000000006,13.81,-0.0026441167577320023,1.5462718907024986,0.04393365154630731,0.06890000000000018,96.5,85.66,2.5787232163724005,0,0,0,0,0,58.839999999999996,0.1600000000000037
2024-12-16 00:00:00,2024-11,0,11,1,11,58.54,-0.46000000000000085,14.69,0.37921163249597684,3.1003122503448517,-0.13560211746765324,0.0,98.35,90.88,2.7516213648817813,0,0,0,0,0,58.839999999999996,-0.29999999999999716
2024-12-17 00:00:00,2024-11,0,12,1,12,59.51,0.9699999999999989,15.87,-0.38714440227630087,0.312967176216462,0.09166846592135851,0.0019999999999997797,100.73,90.42,2.7386919265583654,1,0,0,0,0,58.839999999999996,0.6700000000000017
2024-12-18 00:00:00,2024-11,0,13,1,13,60.49,0.980000000000004,27.62,-2.9936554508987645,-5.264576037144015,0.9963660942846534,0.1153000000000004,129.79,87.21,3.28077405382183,1,0,1,0,0,58.839999999999996,1.6500000000000057
2024-12-19 00:00:00,2024-11,0,14,1,14,59.6,-0.8900000000000006,24.09,-0.08654734577528359,-3.654532310072492,0.35206911409857805,0.04809999999999981,136.29,90.41,3.6227179218544374,1,0,1,0,0,58.839999999999996,0.7600000000000051
2024-12-06 00:00:00,2024-12,1,-14,0,0,58.44,-2.520000000000003,12.77,0.24923196558419955,1.5393800382784402,0.32204930346326516,-0.02320000000000011,87.38,83.2,2.2447080978647875,0,0,0,0,0,59.72571428571428,-1.2857142857142847
2024-12-09 00:00:00,2024-12,1,-13,0,0,59.74,1.3000000000000043,14.19,-0.6163180212196304,-3.204780043557377,0.08482564127854883,0.04830000000000023,93.84,85.63,2.212886638050935,0,0,0,0,0,59.72571428571428,0.014285714285719564
2024-12-10 00:00:00,2024-12,1,-12,0,0,59.18,-0.5600000000000023,14.18,-0.29682940713745676,-0.02443171512887351,0.2390094483172141,0.025100000000000122,94.35,90.1,2.002768349761555,0,1,0,0,0,59.72571428571428,-0.5457142857142827
2024-12-11 00:00:00,2024-12,1,-11,0,0,59.94,0.759999999999998,13.58,0.8132661932885082,4.736991119832746,0.2918696261336242,0.04479999999999951,98.12,82.4,2.373994355978377,0,1,0,0,0,59.72571428571428,0.2142857142857153
2024-12-12 00:00:00,2024-12,1,-10,0,0,60.14,0.20000000000000284,13.92,-0.5428741091956448,-1.8128342320298765,0.2302660308107186,0.056700000000000195,99.43,82.66,2.600126467004995,0,1,0,0,0,59.72571428571428,0.41428571428571814
2024-12-13 00:00:00,2024-12,1,-9,0,0,59.0,-1.1400000000000006,13.81,-0.0026441167577320023,1.5462718907024986,0.04393365154630731,0.06890000000000018,96.5,85.66,2.5787232163724005,0,0,0,0,0,59.72571428571428,-0.7257142857142824
2024-12-16 00:00:00,2024-12,1,-8,0,0,58.54,-0.46000000000000085,14.69,0.37921163249597684,3.1003122503448517,-0.13560211746765324,0.0,98.35,90.88,2.7516213648817813,0,0,0,0,0,59.72571428571428,-1.1857142857142833
2024-12-17 00:00:00,2024-12,1,-7,0,0,59.51,0.9699999999999989,15.87,-0.38714440227630087,0.312967176216462,0.09166846592135851,0.0019999999999997797,100.73,90.42,2.7386919265583654,1,0,0,0,0,59.72571428571428,-0.21571428571428442
2024-12-18 00:00:00,2024-12,1,-6,0,0,60.49,0.980000000000004,27.62,-2.9936554508987645,-5.264576037144015,0.9963660942846534,0.1153000000000004,129.79,87.21,3.28077405382183,1,0,1,0,0,59.72571428571428,0.7642857142857196
2024-12-19 00:00:00,2024-12,1,-5,0,0,59.6,-0.8900000000000006,24.09,-0.08654734577528359,-3.654532310072492,0.35206911409857805,0.04809999999999981,136.29,90.41,3.6227179218544374,1,0,1,0,0,59.72571428571428,-0.125714285714281
2024-12-20 00:00:00,2024-12,1,-4,0,0,58.87,-0.730000000000004,18.36,1.0810476252410672,-0.7949805493675512,-0.7286091049140525,-0.03990000000000027,114.01,91.75,2.913448379469482,0,0,1,0,0,59.72571428571428,-0.855714285714285
2024-12-23 00:00:00,2024-12,1,-3,0,0,60.21,1.3400000000000034,16.78,0.726089547546254,-1.3383512850583748,0.38579650740978116,0.06430000000000025,102.34,95.85,2.8951700853631674,0,0,0,0,0,59.72571428571428,0.4842857142857184
2024-12-24 00:00:00,2024-12,1,-2,0,0,60.83,0.6199999999999974,14.27,1.0982197273831982,4.658772967782288,0.20342688735508646,0.002200000000000202,91.05,96.95,3.503323108007458,0,0,0,0,0,59.72571428571428,1.1042857142857159
2024-12-26 00:00:00,2024-12,1,-1,0,0,61.67,0.8400000000000034,14.73,-0.0405708741467618,-2.814107173471247,-0.11830711314934604,-0.006000000000000227,92.77,95.2,3.212303043956622,0,0,0,0,0,59.72571428571428,1.9442857142857193
2024-12-27 00:00:00,2024-12,1,0,1,0,60.61,-1.0600000000000023,15.95,-1.1117304675596371,-1.3642836403280807,-0.12122503531960256,0.04260000000000019,98.81,94.8,3.1361405220459906,0,0,0,1,0,59.72571428571428,0.884285714285717
2024-12-30 00:00:00,2024-12,1,1,1,1,61.03,0.4200000000000017,17.4,-1.0759690191101294,-1.3893299499032883,0.12214985232143175,-0.09260000000000002,103.05,99.08,2.6704213529464953,0,0,0,1,1,59.72571428571428,1.3042857142857187
2024-12-31 00:00:00,2024-12,1,2,1,2,60.03,-1.0,17.35,-0.429399645413445,1.9340807435362584,0.3296143176395258,0.03629999999999978,104.33,98.8,2.562657322966844,0,0,0,1,2,59.72571428571428,0.3042857142857187
2025-01-02 00:00:00,2024-12,1,3,1,3,59.85,-0.17999999999999972,17.93,-0.2226349792552953,2.451698618577548,0.8325693743072518,-0.009999999999999787,106.59,96.67,2.71735935573882,0,0,0,1,3,59.72571428571428,0.124285714285719
2025-01-03 00:00:00,2024-12,1,4,1,4,58.74,-1.1099999999999994,16.13,1.2517287272659086,1.1461722482722072,-0.40486256102572526,0.03849999999999998,94.36,93.35,2.6276387133561636,0,0,0,1,4,59.72571428571428,-0.9857142857142804
2025-01-06 00:00:00,2024-12,1,5,1,5,58.84,0.10000000000000142,16.04,0.5522822262488849,3.1774644867776036,-0.6399388347735336,0.03249999999999975,95.89,97.89,2.289911094286914,0,0,0,1,5,59.72571428571428,-0.885714285714279
2025-01-07 00:00:00,2024-12,1,6,1,6,58.6,-0.240000000000002,17.82,-1.116600476981219,-5.233220341512211,0.2629164933159655,0.054999999999999716,106.37,102.78,2.9514120701339506,0,0,0,1,6,59.72571428571428,-1.125714285714281
2025-01-08 00:00:00,2024-12,1,7,1,7,58.47,-0.13000000000000256,17.7,0.1559107735282887,-2.1166263955985922,0.5036034757584825,0.0041999999999999815,103.93,100.76,3.0265023665893507,0,0,0,1,7,59.72571428571428,-1.2557142857142836
2025-01-10 00:00:00,2024-12,1,8,1,8,57.19,-1.2800000000000011,19.54,-1.5531644353894207,2.692080783993293,0.4304737738895568,0.06989999999999963,115.49,96.57,3.1072593253030365,0,0,0,1,8,59.72571428571428,-2.5357142857142847
2025-01-13 00:00:00,2024-12,1,9,1,9,61.25,4.060000000000002,19.19,0.15741742695762329,-0.15199001684989819,0.27868109071792163,0.01869999999999994,110.94,103.51,3.055213875655385,0,0,0,1,9,59.72571428571428,1.5242857142857176
2025-01-14 00:00:00,2024-12,1,10,1,10,60.87,-0.38000000000000256,18.71,0.11456334044923633,2.374582863276208,-0.6230947637142633,0.014499999999999957,107.93,101.99,3.046207117592254,0,1,0,1,10,59.72571428571428,1.144285714285715
2025-01-15 00:00:00,2024-12,1,11,1,11,61.23,0.35999999999999943,16.12,1.8147132985426715,3.309134632263841,-0.16761085242684717,-0.13929999999999954,97.79,93.1,3.2526280152018283,0,1,0,1,11,59.72571428571428,1.5042857142857144
2025-01-16 00:00:00,2024-12,1,12,1,12,62.56,1.3300000000000054,16.6,-0.2114871763466578,0.4571347649682481,-0.12199206271519224,-0.040600000000000414,99.84,92.72,3.0463632299948187,0,1,0,1,12,59.72571428571428,2.83428571428572
2025-01-17 00:00:00,2024-12,1,13,1,13,63.19,0.6299999999999955,15.97,0.994142593572411,4.400061595969889,0.35730029216713777,0.014499999999999957,101.61,95.6,2.2632975877332178,0,0,0,1,13,59.72571428571428,3.4642857142857153
2025-01-21 00:00:00,2024-12,1,14,1,14,61.92,-1.269999999999996,15.06,0.8729996752231289,4.104209114064464,-1.18211754233755,-0.0506000000000002,98.26,96.78,1.7360509754832432,0,0,0,1,14,59.72571428571428,2.1942857142857193
2025-01-10 00:00:00,2025-01,0,-14,0,0,57.19,-1.2800000000000011,19.54,-1.5531644353894207,2.692080783993293,0.4304737738895568,0.06989999999999963,115.49,96.57,3.1072593253030365,0,0,0,0,0,59.48142857142857,-2.2914285714285754
2025-01-13 00:00:00,2025-01,0,-13,0,0,61.25,4.060000000000002,19.19,0.15741742695762329,-0.15199001684989819,0.27868109071792163,0.01869999999999994,110.94,103.51,3.055213875655385,0,0,0,0,0,59.48142857142857,1.768571428571427
2025-01-14 00:00:00,2025-01,0,-12,0,0,60.87,-0.38000000000000256,18.71,0.11456334044923633,2.374582863276208,-0.6230947637142633,0.014499999999999957,107.93,101.99,3.046207117592254,0,1,0,0,0,59.48142857142857,1.3885714285714243
2025-01-15 00:00:00,2025-01,0,-11,0,0,61.23,0.35999999999999943,16.12,1.8147132985426715,3.309134632263841,-0.16761085242684717,-0.13929999999999954,97.79,93.1,3.2526280152018283,0,1,0,0,0,59.48142857142857,1.7485714285714238
2025-01-16 00:00:00,2025-01,0,-10,0,0,62.56,1.3300000000000054,16.6,-0.2114871763466578,0.4571347649682481,-0.12199206271519224,-0.040600000000000414,99.84,92.72,3.0463632299948187,0,1,0,0,0,59.48142857142857,3.078571428571429
2025-01-17 00:00:00,2025-01,0,-9,0,0,63.19,0.6299999999999955,15.97,0.994142593572411,4.400061595969889,0.35730029216713777,0.014499999999999957,101.61,95.6,2.2632975877332178,0,0,0,0,0,59.48142857142857,3.7085714285714246
2025-01-21 00:00:00,2025-01,0,-8,0,0,61.92,-1.269999999999996,15.06,0.8729996752231289,4.104209114064464,-1.18211754233755,-0.0506000000000002,98.26,96.78,1.7360509754832432,0,0,0,0,0,59.48142857142857,2.4385714285714286
2025-01-22 00:00:00,2025-01,0,-7,0,0,61.04,-0.8800000000000026,15.1,0.6119200577442709,-2.577596571868286,0.09711926545757843,0.03450000000000042,100.56,89.9,2.5621380835233256,0,0,0,0,0,59.48142857142857,1.558571428571426
2025-01-23 00:00:00,2025-01,0,-6,0,0,60.08,-0.9600000000000009,15.02,0.5299445097723888,-0.9075245867340705,-0.11100114915894758,0.03270000000000017,99.52,88.51,2.6670343422535376,0,0,0,0,0,59.48142857142857,0.5985714285714252
2025-01-24 00:00:00,2025-01,0,-5,0,0,57.37,-2.710000000000001,14.85,-0.2859260782896483,1.9019743878841626,-0.5605843257211627,-0.022199999999999775,100.41,86.75,2.6499161503874618,0,0,0,0,0,59.48142857142857,-2.1114285714285757
2025-01-27 00:00:00,2025-01,0,-4,0,0,59.05,1.6799999999999997,17.9,-1.4687984883634317,-3.1324389447523977,-0.09497914897560769,-0.0871000000000004,110.31,95.05,3.020376586297521,0,0,0,0,0,59.48142857142857,-0.43142857142857594
2025-01-28 00:00:00,2025-01,0,-3,0,0,56.2,-2.8499999999999943,16.41,0.9175576254675617,-1.0458938394337016,0.4879033130583876,-0.0019999999999997797,103.74,92.83,3.0854916741336202,1,0,0,0,0,59.48142857142857,-3.2814285714285703
2025-01-29 00:00:00,2025-01,0,-2,0,0,56.15,-0.05000000000000426,16.56,-0.4689853570094891,3.3961574264952747,0.12415110968077091,-0.0038999999999997925,101.68,90.73,2.8849504843504294,1,0,1,0,0,59.48142857142857,-3.3314285714285745
2025-01-30 00:00:00,2025-01,0,-1,0,0,54.64,-1.509999999999998,15.84,0.5261570722435618,1.2528250291572878,-0.18813983501090337,-0.012100000000000222,98.32,90.54,2.412392585052525,1,0,1,0,0,59.48142857142857,-4.8414285714285725
2025-01-31 00:00:00,2025-01,0,0,1,0,53.32,-1.3200000000000003,16.43,-0.5059581291425466,-2.847523817043544,0.5301469160793233,0.022400000000000198,101.5,91.76,2.459200715498402,0,0,1,0,0,59.48142857142857,-6.161428571428573
2025-02-03 00:00:00,2025-01,0,1,1,1,56.94,3.6199999999999974,18.62,-0.7637696973119062,4.965478137294548,0.5704836966316409,0.016299999999999315,109.01,94.15,3.0959823095432957,0,0,0,0,0,59.48142857142857,-2.5414285714285754
2025-02-04 00:00:00,2025-01,0,2,1,2,54.03,-2.9099999999999966,17.21,0.7198897488332477,-5.447592105035117,-0.9495346751416395,-0.04449999999999932,100.88,90.28,3.7701118611299687,0,0,0,0,0,59.48142857142857,-5.451428571428572
2025-02-05 00:00:00,2025-01,0,3,1,3,54.53,0.5,15.77,0.3901037729088691,0.41906113183202837,-0.3535326755978406,-0.09240000000000048,97.29,94.68,3.5764292326161637,0,0,0,0,0,59.48142857142857,-4.951428571428572
2025-02-06 00:00:00,2025-01,0,4,1,4,53.91,-0.6200000000000045,15.5,0.3637700027498819,-0.12793971959590786,0.10219819905800043,0.01609999999999978,96.77,93.9,3.5441394573164637,0,0,0,0,0,59.48142857142857,-5.5714285714285765
2025-02-07 00:00:00,2025-01,0,5,1,5,54.17,0.2600000000000051,16.54,-0.9509913482107745,-0.8212489573643696,0.3254085540009351,0.06050000000000022,101.49,93.13,3.2635805784527703,0,0,0,0,0,59.48142857142857,-5.311428571428571
2025-02-10 00:00:00,2025-01,0,6,1,6,52.4,-1.7700000000000031,15.81,0.6690160848149636,2.2616916314317717,0.2579048291470396,0.002100000000000435,99.15,87.68,3.367923945902966,0,0,0,0,0,59.48142857142857,-7.0814285714285745
2025-02-11 00:00:00,2025-01,0,7,1,7,54.23,1.8299999999999983,16.02,0.033951548500248806,-1.0597521401366221,-0.32920013825073224,0.038399999999999324,99.82,85.58,3.199787659689502,0,1,0,0,0,59.48142857142857,-5.251428571428576
2025-02-12 00:00:00,2025-01,0,8,1,8,51.49,-2.739999999999995,15.89,-0.27276186894511617,1.3264516375717144,-0.023158762684498794,0.08560000000000034,98.74,86.58,2.477928996049814,0,1,0,0,0,59.48142857142857,-7.991428571428571
2025-02-13 00:00:00,2025-01,0,9,1,9,51.76,0.269999999999996,15.1,1.037237745962235,-1.2067219928088586,-0.5807190270234849,-0.09199999999999964,95.48,84.57,1.3058139710246954,0,1,0,0,0,59.48142857142857,-7.721428571428575
2025-02-14 00:00:00,2025-01,0,10,1,10,51.6,-0.1599999999999966,14.77,-0.007195597605653459,1.042800179870302,-0.5634923307824801,-0.05259999999999998,96.9,84.67,1.3506838128323508,0,0,0,0,0,59.48142857142857,-7.881428571428572
2025-02-18 00:00:00,2025-01,0,11,1,11,51.69,0.0899999999999963,15.35,0.24419717448794742,-1.472489314551573,0.44844174032914463,0.07409999999999961,98.5,84.51,1.493506371948774,0,0,0,0,0,59.48142857142857,-7.791428571428575
2025-02-19 00:00:00,2025-01,0,12,1,12,49.15,-2.539999999999999,15.27,0.23741775065794563,1.366259558271542,0.11109711870093232,-0.017599999999999838,95.55,83.86,1.519198082433839,0,0,0,0,0,59.48142857142857,-10.331428571428575
2025-02-20 00:00:00,2025-01,0,13,1,13,49.06,-0.0899999999999963,15.66,-0.4343623971148685,1.8676724414984462,-0.7501966860882359,-0.02740000000000009,94.99,86.26,1.4406465619179922,0,0,0,0,0,59.48142857142857,-10.42142857142857
2025-02-21 00:00:00,2025-01,0,14,1,14,48.71,-0.3500000000000014,18.21,-1.7211373991262082,-2.9009167816815165,0.22536913719573784,-0.07399999999999984,105.71,91.83,1.836727918374057,0,0,0,0,0,59.48142857142857,-10.771428571428572
2025-02-07 00:00:00,2025-02,0,-14,0,0,54.17,0.2600000000000051,16.54,-0.9509913482107745,-0.8212489573643696,0.3254085540009351,0.06050000000000022,101.49,93.13,3.2635805784527703,0,0,0,0,0,50.92142857142857,3.248571428571431
2025-02-10 00:00:00,2025-02,0,-13,0,0,52.4,-1.7700000000000031,15.81,0.6690160848149636,2.2616916314317717,0.2579048291470396,0.002100000000000435,99.15,87.68,3.367923945902966,0,0,0,0,0,50.92142857142857,1.4785714285714278
2025-02-11 00:00:00,2025-02,0,-12,0,0,54.23,1.8299999999999983,16.02,0.033951548500248806,-1.0597521401366221,-0.32920013825073224,0.038399999999999324,99.82,85.58,3.199787659689502,0,1,0,0,0,50.92142857142857,3.308571428571426
2025-02-12 00:00:00,2025-02,0,-11,0,0,51.49,-2.739999999999995,15.89,-0.27276186894511617,1.3264516375717144,-0.023158762684498794,0.08560000000000034,98.74,86.58,2.477928996049814,0,1,0,0,0,50.92142857142857,0.5685714285714312
2025-02-13 00:00:00,2025-02,0,-10,0,0,51.76,0.269999999999996,15.1,1.037237745962235,-1.2067219928088586,-0.5807190270234849,-0.09199999999999964,95.48,84.57,1.3058139710246954,0,1,0,0,0,50.92142857142857,0.8385714285714272
2025-02-14 00:00:00,2025-02,0,-9,0,0,51.6,-0.1599999999999966,14.77,-0.007195597605653459,1.042800179870302,-0.5634923307824801,-0.05259999999999998,96.9,84.67,1.3506838128323508,0,0,0,0,0,50.92142857142857,0.6785714285714306
2025-02-18 00:00:00,2025-02,0,-8,0,0,51.69,0.0899999999999963,15.35,0.24419717448794742,-1.472489314551573,0.44844174032914463,0.07409999999999961,98.5,84.51,1.493506371948774,0,0,0,0,0,50.92142857142857,0.7685714285714269
2025-02-19 00:00:00,2025-02,0,-7,0,0,49.15,-2.539999999999999,15.27,0.23741775065794563,1.366259558271542,0.11109711870093232,-0.017599999999999838,95.55,83.86,1.519198082433839,0,0,0,0,0,50.92142857142857,-1.7714285714285722
2025-02-20 00:00:00,2025-02,0,-6,0,0,49.06,-0.0899999999999963,15.66,-0.4343623971148685,1.8676724414984462,-0.7501966860882359,-0.02740000000000009,94.99,86.26,1.4406465619179922,0,0,0,0,0,50.92142857142857,-1.8614285714285685
2025-02-21 00:00:00,2025-02,0,-5,0,0,48.71,-0.3500000000000014,18.21,-1.7211373991262082,-2.9009167816815165,0.22536913719573784,-0.07399999999999984,105.71,91.83,1.836727918374057,0,0,0,0,0,50.92142857142857,-2.21142857142857
2025-02-24 00:00:00,2025-02,0,-4,0,0,47.07,-1.6400000000000006,18.98,-0.49815130548550113,-1.9095908955795444,-0.015008817708557439,-0.031000000000000583,106.8,88.44,1.855343686470698,0,0,0,0,0,50.92142857142857,-3.8514285714285705
2025-02-25 00:00:00,2025-02,0,-3,0,0,48.59,1.5200000000000031,19.43,-0.4690715138395557,-5.756410378800561,-0.2705446357668594,-0.10579999999999945,108.47,96.61,2.7446976745822256,0,0,0,0,0,50.92142857142857,-2.3314285714285674
2025-02-26 00:00:00,2025-02,0,-2,0,0,51.3,2.7099999999999937,19.1,0.01360051919139706,-4.888296240781352,0.10154003241695998,-0.038300000000000445,106.05,97.52,2.8817865832166127,0,0,1,0,0,50.92142857142857,0.37857142857142634
2025-02-27 00:00:00,2025-02,0,-1,0,0,51.68,0.38000000000000256,21.13,-1.5991702852089027,-0.21925238298847605,0.7750670645189858,0.0037000000000002586,114.79,96.27,2.954852948875441,0,0,1,0,0,50.92142857142857,0.7585714285714289
2025-02-28 00:00:00,2025-02,0,0,1,0,50.76,-0.9200000000000017,19.63,1.5729750431897127,-0.08677886978925142,0.34441386008221886,-0.0517000000000003,108.99,104.46,2.7404819572427153,0,0,1,0,0,50.92142857142857,-0.1614285714285728
2025-03-03 00:00:00,2025-02,0,1,1,1,59.48,8.719999999999999,22.78,-1.7753439375493378,-10.011235960388579,-0.8089202118737987,-0.0530999999999997,118.74,105.65,3.523381841703536,0,0,0,0,0,50.92142857142857,8.558571428571426
2025-03-04 00:00:00,2025-02,0,2,1,2,62.07,2.5900000000000034,23.51,-1.231023460336647,2.5287047796352047,-0.9449926787289863,0.08910000000000018,118.56,108.87,4.2472379916178085,0,0,0,0,0,50.92142857142857,11.14857142857143
2025-03-05 00:00:00,2025-02,0,3,1,3,57.6,-4.469999999999999,21.93,1.1097475685101248,3.23361977913432,-1.3970391818652097,0.0343,109.63,104.32,4.850405512417561,0,0,0,0,0,50.92142857142857,6.678571428571431
2025-03-06 00:00:00,2025-02,0,4,1,4,60.15,2.549999999999997,24.87,-1.7979700568310077,-0.5907650333404345,-0.20543547049824873,-9.999999999976694e-05,120.82,108.95,4.600588771864985,0,0,0,0,0,50.92142857142857,9.228571428571428
2025-03-07 00:00:00,2025-02,0,5,1,5,54.32,-5.829999999999998,23.37,0.5505404600509013,-4.043740071630237,-0.2154882988735483,0.0226999999999995,115.73,104.41,4.504964341406116,0,0,0,0,0,50.92142857142857,3.3985714285714295
2025-03-10 00:00:00,2025-02,0,6,1,6,59.57,5.25,27.86,-2.7343518375984406,-4.693642309915054,0.05969057355022789,-0.08800000000000008,128.46,112.5,4.639372113754064,0,0,0,0,0,50.92142857142857,8.64857142857143
2025-03-11 00:00:00,2025-02,0,7,1,7,59.9,0.3299999999999983,26.92,-0.7596604935651537,4.336765875370931,-0.46402004934657964,0.06679999999999975,129.51,114.6,5.202828882749205,0,1,0,0,0,50.92142857142857,8.978571428571428
2025-03-12 00:00:00,2025-02,0,8,1,8,56.89,-3.009999999999998,24.23,0.48749712752344254,0.3875283659791283,0.1864455621706731,0.03250000000000064,115.89,104.11,3.520126753804476,0,1,0,0,0,50.92142857142857,5.96857142857143
2025-03-13 00:00:00,2025-02,0,9,1,9,55.42,-1.4699999999999989,24.66,-1.398840522535291,-3.407093220488465,0.20825306408098804,-0.04420000000000002,112.89,106.19,3.5705509780858495,0,1,0,0,0,50.92142857142857,4.498571428571431
2025-03-14 00:00:00,2025-02,0,10,1,10,53.27,-2.1499999999999986,21.77,2.104291988140831,4.659080669514208,-0.10600060738321761,0.04389999999999983,98.23,101.01,3.8600334210002343,0,0,0,0,0,50.92142857142857,2.3485714285714323
2025-03-17 00:00:00,2025-02,0,11,1,11,52.86,-0.4100000000000037,20.51,0.639560393434752,0.8856366822880009,-0.33608932200072905,-0.013600000000000279,95.93,99.78,3.893092534089606,0,0,0,0,0,50.92142857142857,1.9385714285714286
2025-03-18 00:00:00,2025-02,0,12,1,12,52.0,-0.8599999999999994,21.7,-1.071067425391002,-2.3214082590533347,-0.12196658079282287,-0.015399999999999636,99.68,96.68,3.6622682005777736,1,0,0,0,0,50.92142857142857,1.0785714285714292
2025-03-19 00:00:00,2025-02,0,13,1,13,54.02,2.020000000000003,19.9,1.0740629118978857,3.9983989153147754,0.17805996807972635,-0.040300000000000225,93.23,91.4,3.266429694992088,1,0,0,0,0,50.92142857142857,3.0985714285714323
2025-03-20 00:00:00,2025-02,0,14,1,14,49.01,-5.010000000000005,19.8,-0.21873007738032346,-1.0287000587738677,0.40814610954876696,-0.005899999999999572,89.95,95.74,3.0344006594153172,1,0,0,0,0,50.92142857142857,-1.9114285714285728
2025-03-10 00:00:00,2025-03,1,-14,0,0,59.57,5.25,27.86,-2.7343518375984406,-4.693642309915054,0.05969057355022789,-0.08800000000000008,128.46,112.5,4.639372113754064,0,0,0,0,0,52.049285714285716,7.520714285714284
2025-03-11 00:00:00,2025-03,1,-13,0,0,59.9,0.3299999999999983,26.92,-0.7596604935651537,4.336765875370931,-0.46402004934657964,0.06679999999999975,129.51,114.6,5.202828882749205,0,1,0,0,0,52.049285714285716,7.850714285714282
2025-03-12 00:00:00,2025-03,1,-12,0,0,56.89,-3.009999999999998,24.23,0.48749712752344254,0.3875283659791283,0.1864455621706731,0.03250000000000064,115.89,104.11,3.520126753804476,0,1,0,0,0,52.049285714285716,4.840714285714284
2025-03-13 00:00:00,2025-03,1,-11,0,0,55.42,-1.4699999999999989,24.66,-1.398840522535291,-3.407093220488465,0.20825306408098804,-0.04420000000000002,112.89,106.19,3.5705509780858495,0,1,0,0,0,52.049285714285716,3.3707142857142856
2025-03-14 00:00:00,2025-03,1,-10,0,0,53.27,-2.1499999999999986,21.77,2.104291988140831,4.659080669514208,-0.10600060738321761,0.04389999999999983,98.23,101.01,3.8600334210002343,0,0,0,0,0,52.049285714285716,1.220714285714287
2025-03-17 00:00:00,2025-03,1,-9,0,0,52.86,-0.4100000000000037,20.51,0.639560393434752,0.8856366822880009,-0.33608932200072905,-0.013600000000000279,95.93,99.78,3.893092534089606,0,0,0,0,0,52.049285714285716,0.8107142857142833
2025-03-18 00:00:00,2025-03,1,-8,0,0,52.0,-0.8599999999999994,21.7,-1.071067425391002,-2.3214082590533347,-0.12196658079282287,-0.015399999999999636,99.68,96.68,3.6622682005777736,1,0,0,0,0,52.049285714285716,-0.04928571428571615
2025-03-19 00:00:00,2025-03,1,-7,0,0,54.02,2.020000000000003,19.9,1.0740629118978857,3.9983989153147754,0.17805996807972635,-0.040300000000000225,93.23,91.4,3.266429694992088,1,0,0,0,0,52.049285714285716,1.970714285714287
2025-03-20 00:00:00,2025-03,1,-6,0,0,49.01,-5.010000000000005,19.8,-0.21873007738032346,-1.0287000587738677,0.40814610954876696,-0.005899999999999572,89.95,95.74,3.0344006594153172,1,0,0,0,0,52.049285714285716,-3.039285714285718
2025-03-21 00:00:00,2025-03,1,-5,0,0,47.56,-1.4499999999999957,19.28,0.08243274123172031,-0.38023030805001307,0.2279515652424759,0.009299999999999642,87.99,94.54,3.0510063550945126,0,0,0,0,0,52.049285714285716,-4.489285714285714
2025-03-24 00:00:00,2025-03,1,-4,0,0,47.32,-0.240000000000002,17.48,1.7492157944606672,3.188972929459362,0.16702667669976123,0.08840000000000003,81.89,95.22,2.6976511998226167,0,0,0,0,0,52.049285714285716,-4.729285714285716
2025-03-25 00:00:00,2025-03,1,-3,0,0,46.99,-0.3299999999999983,17.15,0.15730819184730235,0.020480420675704155,-0.07483953027702775,-0.021300000000000097,87.46,93.57,2.2661886598850396,0,0,0,0,0,52.049285714285716,-5.059285714285714
2025-03-26 00:00:00,2025-03,1,-2,0,0,47.27,0.28000000000000114,18.33,-1.121969145510828,-0.6981368503215596,0.34781643929569617,0.038599999999999746,90.24,91.41,2.3141855929807695,0,0,1,0,0,52.049285714285716,-4.779285714285713
2025-03-27 00:00:00,2025-03,1,-1,0,0,46.61,-0.6600000000000037,18.69,-0.33124371066493624,0.02615188440491116,-0.20298548730111432,0.007600000000000051,89.51,91.03,2.00387003311305,0,0,1,0,0,52.049285714285716,-5.439285714285717
2025-03-28 00:00:00,2025-03,1,0,1,0,49.93,3.3200000000000003,21.65,-1.9934580336265846,-4.15117649765888,-0.2792989592705117,-0.11010000000000009,102.44,96.83,2.152050188243739,0,0,1,1,0,52.049285714285716,-2.1192857142857164
2025-03-31 00:00:00,2025-03,1,1,1,1,51.02,1.0900000000000034,22.28,0.5523212456950013,-0.1332262838061291,0.15942074116932514,-0.04409999999999936,99.12,101.35,2.1372191113441668,0,0,0,1,1,52.049285714285716,-1.029285714285713
2025-04-01 00:00:00,2025-03,1,2,1,2,49.55,-1.470000000000006,21.77,0.3774153162235665,3.366973194595428,0.04796853356238285,-0.03640000000000043,97.55,104.73,2.5452451938948077,0,0,0,1,2,52.049285714285716,-2.499285714285719
2025-04-02 00:00:00,2025-03,1,3,1,3,52.61,3.0600000000000023,21.51,0.670559233942083,0.47970456392456334,-0.43543735023933927,-0.03819999999999979,118.37,106.39,2.2036201361966525,0,0,0,1,3,52.049285714285716,0.5607142857142833
2025-04-03 00:00:00,2025-03,1,4,1,4,52.64,0.030000000000001137,30.02,-4.960587756339505,-3.9746877681612065,-1.685495921812446,-0.10210000000000008,119.48,112.0,2.627097510938473,0,0,0,1,4,52.049285714285716,0.5907142857142844
2025-04-04 00:00:00,2025-03,1,5,1,5,55.33,2.6899999999999977,45.31,-6.160907367588022,2.1796335005997705,0.9273817653116372,-0.0343,147.16,125.71,2.848118350986536,0,0,0,1,5,52.049285714285716,3.280714285714282
2025-04-07 00:00:00,2025-03,1,6,1,6,52.79,-2.539999999999999,46.98,-0.2334179209083819,0.14608411708451796,0.22590772603279358,0.18920000000000048,152.63,137.3,2.8508736598734257,0,0,0,1,6,52.049285714285716,0.740714285714283
2025-04-08 00:00:00,2025-03,1,7,1,7,56.84,4.050000000000004,52.33,-1.58250871968123,-2.3982398314802684,-0.291934197277665,0.10939999999999994,170.92,139.88,2.5129763422380944,0,0,0,1,7,52.049285714285716,4.790714285714287
2025-04-09 00:00:00,2025-03,1,8,1,8,53.04,-3.8000000000000043,33.62,9.089490164871481,7.643984429326206,-0.053435672010594855,0.038599999999999746,142.5,128.83,3.838488538879616,0,1,0,1,8,52.049285714285716,0.990714285714283
2025-04-10 00:00:00,2025-03,1,9,1,9,53.56,0.5200000000000031,40.72,-3.522058784511797,-4.041667037076345,-1.9954825466654982,0.09339999999999993,157.24,128.35,4.1092852916311875,0,1,0,1,9,52.049285714285716,1.5107142857142861
2025-04-11 00:00:00,2025-03,1,10,1,10,56.15,2.5899999999999963,37.56,1.7930369252113487,4.81635575706126,-0.7613151231791937,0.06459999999999955,147.35,137.26,4.501013540241046,0,1,0,1,10,52.049285714285716,4.100714285714282
2025-04-14 00:00:00,2025-03,1,11,1,11,53.31,-2.8399999999999963,30.89,0.7913254093151065,1.6265227463799992,-0.4625975747577387,-0.1155999999999997,122.32,132.46,4.019211794751768,0,0,0,1,11,52.049285714285716,1.2607142857142861
2025-04-15 00:00:00,2025-03,1,12,1,12,50.39,-2.9200000000000017,30.12,-0.17292137684181355,-0.9849157464752708,0.5754187651570651,-0.040899999999999714,115.89,122.56,4.097354328755525,0,0,0,1,12,52.049285714285716,-1.6592857142857156
2025-04-16 00:00:00,2025-03,1,13,1,13,49.58,-0.8100000000000023,32.64,-2.266331270099636,0.34648571119135885,-0.8366991871375837,-0.05620000000000047,122.91,119.4,4.091312597848045,0,0,0,1,13,52.049285714285716,-2.469285714285718
2025-04-17 00:00:00,2025-03,1,14,1,14,48.41,-1.1700000000000017,29.65,0.13259586728286152,0.9809032150306688,-0.004025035722726609,0.0481000000000007,116.26,114.64,3.8132641765043416,0,0,0,1,14,52.049285714285716,-3.6392857142857196
2025-04-04 00:00:00,2025-04,0,-14,0,0,55.33,2.6899999999999977,45.31,-6.160907367588022,2.1796335005997705,0.9273817653116372,-0.0343,147.16,125.71,2.848118350986536,0,0,0,0,0,51.973571428571425,3.356428571428573
2025-04-07 00:00:00,2025-04,0,-13,0,0,52.79,-2.539999999999999,46.98,-0.2334179209083819,0.14608411708451796,0.22590772603279358,0.18920000000000048,152.63,137.3,2.8508736598734257,0,0,0,0,0,51.973571428571425,0.816428571428574
2025-04-08 00:00:00,2025-04,0,-12,0,0,56.84,4.050000000000004,52.33,-1.58250871968123,-2.3982398314802684,-0.291934197277665,0.10939999999999994,170.92,139.88,2.5129763422380944,0,0,0,0,0,51.973571428571425,4.866428571428578
2025-04-09 00:00:00,2025-04,0,-11,0,0,53.04,-3.8000000000000043,33.62,9.089490164871481,7.643984429326206,-0.053435672010594855,0.038599999999999746,142.5,128.83,3.838488538879616,0,1,0,0,0,51.973571428571425,1.066428571428574
2025-04-10 00:00:00,2025-04,0,-10,0,0,53.56,0.5200000000000031,40.72,-3.522058784511797,-4.041667037076345,-1.9954825466654982,0.09339999999999993,157.24,128.35,4.1092852916311875,0,1,0,0,0,51.973571428571425,1.586428571428577
2025-04-11 00:00:00,2025-04,0,-9,0,0,56.15,2.5899999999999963,37.56,1.7930369252113487,4.81635575706126,-0.7613151231791937,0.06459999999999955,147.35,137.26,4.501013540241046,0,1,0,0,0,51.973571428571425,4.176428571428573
2025-04-14 00:00:00,2025-04,0,-8,0,0,53.31,-2.8399999999999963,30.89,0.7913254093151065,1.6265227463799992,-0.4625975747577387,-0.1155999999999997,122.32,132.46,4.019211794751768,0,0,0,0,0,51.973571428571425,1.336428571428577
2025-04-15 00:00:00,2025-04,0,-7,0,0,50.39,-2.9200000000000017,30.12,-0.17292137684181355,-0.9849157464752708,0.5754187651570651,-0.040899999999999714,115.89,122.56,4.097354328755525,0,0,0,0,0,51.973571428571425,-1.5835714285714246
2025-04-16 00:00:00,2025-04,0,-6,0,0,49.58,-0.8100000000000023,32.64,-2.266331270099636,0.34648571119135885,-0.8366991871375837,-0.05620000000000047,122.91,119.4,4.091312597848045,0,0,0,0,0,51.973571428571425,-2.393571428571427
2025-04-17 00:00:00,2025-04,0,-5,0,0,48.41,-1.1700000000000017,29.65,0.13259586728286152,0.9809032150306688,-0.004025035722726609,0.0481000000000007,116.26,114.64,3.8132641765043416,0,0,0,0,0,51.973571428571425,-3.5635714285714286
2025-04-21 00:00:00,2025-04,0,-4,0,0,49.16,0.75,33.82,-2.3849649226388614,2.6024932194444927,-0.9640190500586279,0.08569999999999922,124.11,128.56,2.79642917125289,0,0,0,0,0,51.973571428571425,-2.8135714285714286
2025-04-22 00:00:00,2025-04,0,-3,0,0,52.69,3.530000000000001,30.57,2.48070343139808,4.283202051183317,0.6491026664988608,-0.009799999999999365,112.96,118.35,2.0942097110301168,0,0,0,0,0,51.973571428571425,0.7164285714285725
2025-04-23 00:00:00,2025-04,0,-2,0,0,49.42,-3.269999999999996,28.45,1.652384547479458,2.714136786831187,0.9317743830584502,-0.019600000000000506,109.02,116.6,1.7351035039215268,0,0,0,0,0,51.973571428571425,-2.5535714285714235
2025-04-24 00:00:00,2025-04,0,-1,0,0,46.96,-2.460000000000001,26.47,2.005659908960853,-0.2477287554751524,-0.4688269362998285,-0.06630000000000003,102.98,108.28,1.878500262416352,0,0,0,0,0,51.973571428571425,-5.013571428571424
2025-04-25 00:00:00,2025-04,0,0,1,0,46.45,-0.509999999999998,24.84,0.7346095426564498,1.605629621094023,0.09454458380469487,-0.07960000000000012,98.95,105.79,1.5623895190126498,0,0,0,0,0,51.973571428571425,-5.523571428571422
2025-04-28 00:00:00,2025-04,0,1,1,1,47.05,0.5999999999999943,25.15,0.06404944691347733,0.21720600375607918,-0.4645289261762109,-0.027099999999999902,103.39,110.01,1.582449621234761,0,0,0,0,0,51.973571428571425,-4.923571428571428
2025-04-29 00:00:00,2025-04,0,2,1,2,46.17,-0.8799999999999955,24.17,0.578562749639468,0.38855264731107,0.22900734861786795,-0.036599999999999966,101.31,112.27,1.6442246750604943,0,0,1,0,0,51.973571428571425,-5.8035714285714235
2025-04-30 00:00:00,2025-04,0,3,1,3,45.07,-1.1000000000000014,24.7,0.14789007797954687,-0.30906551123585146,0.23250557767874835,-0.009699999999999598,102.29,112.48,1.7297274078912908,0,0,1,0,0,51.973571428571425,-6.903571428571425
2025-05-01 00:00:00,2025-04,0,4,1,4,46.11,1.0399999999999991,24.6,0.6279331841725186,1.9703075114847635,0.7811131465594494,0.05569999999999986,102.31,107.33,1.1861178020744056,0,0,1,0,0,51.973571428571425,-5.863571428571426
2025-05-02 00:00:00,2025-04,0,5,1,5,44.54,-1.5700000000000003,22.68,1.4619229243407843,0.620536041141216,-0.21769748658945534,0.0907,97.26,101.4,0.8780134560590673,0,0,0,0,0,51.973571428571425,-7.433571428571426
2025-05-05 00:00:00,2025-04,0,6,1,6,45.0,0.46000000000000085,23.64,-0.6402040027831334,-1.570669070236409,-0.19913846699763893,0.03500000000000014,101.17,104.45,1.1822123417817902,0,0,0,0,0,51.973571428571425,-6.973571428571425
2025-05-06 00:00:00,2025-04,0,7,1,7,46.66,1.6599999999999966,24.76,-0.7723033885546555,0.4884255766958857,-0.595775087063718,-0.04870000000000019,104.32,106.18,1.064646050444656,1,0,0,0,0,51.973571428571425,-5.313571428571429
2025-05-07 00:00:00,2025-04,0,8,1,8,44.8,-1.8599999999999994,23.55,0.4337004125959745,2.1853036891130406,0.37817115051254363,-0.02519999999999989,99.82,99.87,1.2884561827293803,1,0,0,0,0,51.973571428571425,-7.173571428571428
2025-05-08 00:00:00,2025-04,0,9,1,9,45.88,1.0800000000000054,22.48,0.5782993340666134,5.84138717722993,1.0247075990529098,0.10909999999999975,96.29,98.66,2.3736453399591624,1,0,0,0,0,51.973571428571425,-6.093571428571423
2025-05-09 00:00:00,2025-04,0,10,1,10,45.78,-0.10000000000000142,21.9,-0.07117720863733933,0.5628440976066525,-0.2995340060893792,0.0,96.35,100.4,2.295626695023994,0,0,0,0,0,51.973571428571425,-6.193571428571424
2025-05-12 00:00:00,2025-04,0,11,1,11,45.44,-0.3400000000000034,18.39,3.204001430944952,-1.549572066515591,1.4337766084471157,0.09240000000000048,87.93,102.9,2.5339043856786763,0,1,0,0,0,51.973571428571425,-6.5335714285714275
2025-05-13 00:00:00,2025-04,0,12,1,12,45.71,0.2700000000000031,18.22,0.7222082173714943,1.839189348261467,-0.7741999605275808,-0.00590000000000046,91.59,100.13,2.5501294377770094,0,1,0,0,0,51.973571428571425,-6.263571428571424
2025-05-14 00:00:00,2025-04,0,13,1,13,44.79,-0.9200000000000017,18.62,0.1023844804624757,-0.9856299460897092,0.035636155236015515,0.07129999999999992,97.16,100.73,2.455308716894895,0,1,0,0,0,51.973571428571425,-7.183571428571426
2025-05-15 00:00:00,2025-04,0,14,1,14,43.57,-1.2199999999999989,17.83,0.4123800988772676,-0.10626109677329318,-0.15848020829046214,-0.1048,94.11,98.65,2.493913800672872,0,0,0,0,0,51.973571428571425,-8.403571428571425
2025-05-09 00:00:00,2025-05,0,-14,0,0,45.78,-0.10000000000000142,21.9,-0.07117720863733933,0.5628440976066525,-0.2995340060893792,0.0,96.35,100.4,2.295626695023994,0,0,0,0,0,45.78928571428571,-0.0092857142857099
2025-05-12 00:00:00,2025-05,0,-13,0,0,45.44,-0.3400000000000034,18.39,3.204001430944952,-1.549572066515591,1.4337766084471157,0.09240000000000048,87.93,102.9,2.5339043856786763,0,1,0,0,0,45.78928571428571,-0.3492857142857133
2025-05-13 00:00:00,2025-05,0,-12,0,0,45.71,0.2700000000000031,18.22,0.7222082173714943,1.839189348261467,-0.7741999605275808,-0.00590000000000046,91.59,100.13,2.5501294377770094,0,1,0,0,0,45.78928571428571,-0.07928571428571018
2025-05-14 00:00:00,2025-05,0,-11,0,0,44.79,-0.9200000000000017,18.62,0.1023844804624757,-0.9856299460897092,0.035636155236015515,0.07129999999999992,97.16,100.73,2.455308716894895,0,1,0,0,0,45.78928571428571,-0.9992857142857119
2025-05-15 00:00:00,2025-05,0,-10,0,0,43.57,-1.2199999999999989,17.83,0.4123800988772676,-0.10626109677329318,-0.15848020829046214,-0.1048,94.11,98.65,2.493913800672872,0,0,0,0,0,45.78928571428571,-2.2192857142857108
2025-05-16 00:00:00,2025-05,0,-9,0,0,42.62,-0.9500000000000028,17.24,0.6980898743962978,0.24008593224684682,0.2109214480949626,0.04550000000000054,94.94,96.7,2.4626255955541896,0,0,0,0,0,45.78928571428571,-3.1692857142857136
2025-05-19 00:00:00,2025-05,0,-8,0,0,44.02,1.4000000000000057,18.14,0.08756935229845948,1.3159037594356868,-0.6609855445208065,-0.029600000000000293,96.89,103.81,1.1989556345123544,0,0,0,0,0,45.78928571428571,-1.769285714285708
2025-05-20 00:00:00,2025-05,0,-7,0,0,47.3,3.279999999999994,18.09,-0.38877541185178555,1.381415310751893,-0.3071647540344725,0.03950000000000031,96.62,101.37,1.2788566520839149,0,0,0,0,0,45.78928571428571,1.5107142857142861
2025-05-21 00:00:00,2025-05,0,-6,0,0,49.13,1.8300000000000054,20.87,-1.6266702451148567,1.2351179007534,-0.5599057080792076,0.11159999999999926,106.3,102.1,1.010827870344945,0,0,0,0,0,45.78928571428571,3.3407142857142915
2025-05-22 00:00:00,2025-05,0,-5,0,0,49.0,-0.13000000000000256,20.28,-0.0444953295802523,2.5617945581271164,0.401967271225929,-0.06979999999999986,104.1,99.47,1.170504037110123,0,0,0,0,0,45.78928571428571,3.210714285714289
2025-05-23 00:00:00,2025-05,0,-4,0,0,47.68,-1.3200000000000003,22.29,-0.6730909417987258,-2.581282539645849,-0.8519582153313909,-0.017699999999999605,109.76,100.91,1.6391404327469834,0,0,0,0,0,45.78928571428571,1.8907142857142887
2025-05-27 00:00:00,2025-05,0,-3,0,0,46.16,-1.5200000000000031,18.96,2.025254391312099,-0.0030195890597042277,0.5915716025011191,-0.06740000000000013,96.49,97.93,1.6324068707976795,0,0,0,0,0,45.78928571428571,0.37071428571428555
2025-05-28 00:00:00,2025-05,0,-2,0,0,45.24,-0.9199999999999946,19.31,-0.5586762811582561,-2.1021035558257375,0.35507269145413894,0.03369999999999962,97.15,93.2,1.929732104312102,0,0,1,0,0,45.78928571428571,-0.549285714285709
2025-05-29 00:00:00,2025-05,0,-1,0,0,44.61,-0.6300000000000026,19.18,0.4003150916717184,-1.0833071541582189,-0.5995408437320133,-0.059299999999999464,95.32,92.67,1.9236283397136795,0,0,1,0,0,45.78928571428571,-1.1792857142857116
2025-05-30 00:00:00,2025-05,0,0,1,0,43.71,-0.8999999999999986,18.57,-0.00811917597576244,-1.5005806603187586,0.05135770755408368,-0.017599999999999838,95.15,92.11,1.865117961315231,0,0,1,0,0,45.78928571428571,-2.07928571428571
2025-06-02 00:00:00,2025-05,0,1,1,1,42.97,-0.740000000000002,18.36,0.40936514501346477,-0.06906856601292394,-0.6291837859321147,0.039499999999999424,91.84,95.76,1.7230781885183657,0,0,0,0,0,45.78928571428571,-2.819285714285712
2025-06-03 00:00:00,2025-05,0,2,1,2,42.83,-0.14000000000000057,17.69,0.5783504036174,0.8340173927344054,0.5264419811289416,0.0138000000000007,90.89,100.0,1.2357100541063641,0,0,0,0,0,45.78928571428571,-2.9592857142857127
2025-06-04 00:00:00,2025-05,0,3,1,3,42.18,-0.6499999999999986,17.61,0.007369455953249158,-1.0855439788930237,-0.4444137527443189,-0.09850000000000048,90.79,96.98,1.011413336510157,0,0,0,0,0,45.78928571428571,-3.6092857142857113
2025-06-05 00:00:00,2025-05,0,4,1,4,42.76,0.5799999999999983,18.48,-0.529131528056298,-4.060076052552391,-0.04657567618926926,0.0354000000000001,93.2,94.65,1.5526124953555378,0,0,0,0,0,45.78928571428571,-3.029285714285713
2025-06-06 00:00:00,2025-05,0,5,1,5,40.53,-2.229999999999997,16.77,1.0228186115699975,3.9703238200222377,0.4536942370610355,0.11500000000000021,89.45,89.65,2.4586910111410716,0,0,0,0,0,45.78928571428571,-5.25928571428571
2025-06-09 00:00:00,2025-05,0,6,1,6,42.61,2.0799999999999983,17.16,0.091952191342838,2.3850246678736498,-0.2533704145055074,-0.031800000000000495,88.97,92.62,2.646835384721481,0,0,0,0,0,45.78928571428571,-3.1792857142857116
2025-06-10 00:00:00,2025-05,0,7,1,7,42.51,-0.10000000000000142,16.95,0.5467983326654945,1.1059331931220902,0.16057608847306531,-0.0039999999999995595,92.06,91.22,2.571709665387571,0,1,0,0,0,45.78928571428571,-3.279285714285713
2025-06-11 00:00:00,2025-05,0,8,1,8,40.95,-1.5599999999999952,17.26,-0.27476895336661,-0.9560960842052448,-0.4723645680103458,-0.0495000000000001,99.02,89.36,2.6223344962462938,0,1,0,0,0,45.78928571428571,-4.839285714285708
2025-06-12 00:00:00,2025-05,0,9,1,9,39.77,-1.1799999999999997,18.02,0.3815210759964134,-2.717408826502608,-0.7224582687304207,-0.06109999999999971,103.04,88.99,2.839382699233183,0,1,0,0,0,45.78928571428571,-6.019285714285708
2025-06-13 00:00:00,2025-05,0,10,1,10,40.72,0.9499999999999957,20.82,-1.1360743305409216,-0.5109585625197305,0.2682238165036733,0.039499999999999424,113.37,95.31,2.8175339971816995,0,0,0,0,0,45.78928571428571,-5.069285714285712
2025-06-16 00:00:00,2025-05,0,11,1,11,41.73,1.009999999999998,19.11,0.9348881754855184,3.822659936802865,-0.18961989961498177,0.04750000000000032,106.19,93.48,2.537937818982263,0,0,0,0,0,45.78928571428571,-4.059285714285714
2025-06-17 00:00:00,2025-05,0,12,1,12,41.62,-0.10999999999999943,21.6,-0.8387318295762367,-4.166252082022537,0.8352943118546561,-0.05740000000000034,115.5,97.18,2.807361522089452,1,0,0,0,0,45.78928571428571,-4.169285714285714
2025-06-18 00:00:00,2025-05,0,13,1,13,39.69,-1.9299999999999997,20.14,-0.030927171772794648,0.4244175728129138,0.08597800504352182,0.002100000000000435,106.2,93.64,2.6028626946558857,1,0,0,0,0,45.78928571428571,-6.099285714285713
2025-06-20 00:00:00,2025-05,0,14,1,14,40.67,0.980000000000004,20.62,-0.21809894398640384,-0.5529318825689872,-0.2003927557632914,-0.01580000000000048,108.86,90.1,2.5138978729873185,0,0,0,0,0,45.78928571428571,-5.119285714285709
2025-06-06 00:00:00,2025-06,1,-14,0,0,40.53,-2.229999999999997,16.77,1.0228186115699975,3.9703238200222377,0.4536942370610355,0.11500000000000021,89.45,89.65,2.4586910111410716,0,0,0,0,0,40.45428571428572,0.07571428571428385
2025-06-09 00:00:00,2025-06,1,-13,0,0,42.61,2.0799999999999983,17.16,0.091952191342838,2.3850246678736498,-0.2533704145055074,-0.031800000000000495,88.97,92.62,2.646835384721481,0,0,0,0,0,40.45428571428572,2.155714285714282
2025-06-10 00:00:00,2025-06,1,-12,0,0,42.51,-0.10000000000000142,16.95,0.5467983326654945,1.1059331931220902,0.16057608847306531,-0.0039999999999995595,92.06,91.22,2.571709665387571,0,1,0,0,0,40.45428571428572,2.0557142857142807
2025-06-11 00:00:00,2025-06,1,-11,0,0,40.95,-1.5599999999999952,17.26,-0.27476895336661,-0.9560960842052448,-0.4723645680103458,-0.0495000000000001,99.02,89.36,2.6223344962462938,0,1,0,0,0,40.45428571428572,0.49571428571428555
2025-06-12 00:00:00,2025-06,1,-10,0,0,39.77,-1.1799999999999997,18.02,0.3815210759964134,-2.717408826502608,-0.7224582687304207,-0.06109999999999971,103.04,88.99,2.839382699233183,0,1,0,0,0,40.45428571428572,-0.6842857142857142
2025-06-13 00:00:00,2025-06,1,-9,0,0,40.72,0.9499999999999957,20.82,-1.1360743305409216,-0.5109585625197305,0.2682238165036733,0.039499999999999424,113.37,95.31,2.8175339971816995,0,0,0,0,0,40.45428571428572,0.2657142857142816
2025-06-16 00:00:00,2025-06,1,-8,0,0,41.73,1.009999999999998,19.11,0.9348881754855184,3.822659936802865,-0.18961989961498177,0.04750000000000032,106.19,93.48,2.537937818982263,0,0,0,0,0,40.45428571428572,1.2757142857142796
2025-06-17 00:00:00,2025-06,1,-7,0,0,41.62,-0.10999999999999943,21.6,-0.8387318295762367,-4.166252082022537,0.8352943118546561,-0.05740000000000034,115.5,97.18,2.807361522089452,1,0,0,0,0,40.45428571428572,1.1657142857142802
2025-06-18 00:00:00,2025-06,1,-6,0,0,39.69,-1.9299999999999997,20.14,-0.030927171772794648,0.4244175728129138,0.08597800504352182,0.002100000000000435,106.2,93.64,2.6028626946558857,1,0,0,0,0,40.45428571428572,-0.7642857142857196
2025-06-20 00:00:00,2025-06,1,-5,0,0,40.67,0.980000000000004,20.62,-0.21809894398640384,-0.5529318825689872,-0.2003927557632914,-0.01580000000000048,108.86,90.1,2.5138978729873185,0,0,0,0,0,40.45428571428572,0.21571428571428442
2025-06-23 00:00:00,2025-06,1,-4,0,0,39.86,-0.8100000000000023,19.83,0.9560641855696288,4.171930590812988,-0.2952473444393904,-0.027599999999999625,104.32,95.03,3.0950199384789623,0,0,0,0,0,40.45428571428572,-0.5942857142857179
2025-06-24 00:00:00,2025-06,1,-3,0,0,39.05,-0.8100000000000023,17.48,1.1060286796932295,2.229523623748254,-0.5685944173373754,-0.052999999999999936,92.29,92.62,2.912586878349344,0,0,0,0,0,40.45428571428572,-1.4042857142857201
2025-06-25 00:00:00,2025-06,1,-2,0,0,38.4,-0.6499999999999986,16.76,-0.00032829024797798923,1.5937424906682172,-0.18308560528306314,-0.0038999999999997925,89.65,91.24,2.8660883725959065,0,0,1,0,0,40.45428571428572,-2.0542857142857187
2025-06-26 00:00:00,2025-06,1,-1,0,0,38.25,-0.14999999999999858,16.59,0.7988153499777193,-0.03403506813344386,-0.5461296975505385,-0.04890000000000061,89.6,89.47,2.608962875827743,0,0,1,0,0,40.45428571428572,-2.2042857142857173
2025-06-27 00:00:00,2025-06,1,0,1,0,38.1,-0.14999999999999858,16.32,0.5205430912106668,-0.5970766280010448,0.26111822719337147,0.035200000000000564,91.84,87.93,1.7454822327517117,0,0,1,1,0,40.45428571428572,-2.354285714285716
2025-06-30 00:00:00,2025-06,1,1,1,1,37.74,-0.35999999999999943,16.73,0.5151077553744315,0.18165932747157545,-0.5414989862725436,-0.04890000000000061,89.74,90.26,1.7619381348129595,0,0,0,1,1,40.45428571428572,-2.7142857142857153
2025-07-01 00:00:00,2025-06,1,2,1,2,37.61,-0.13000000000000256,16.83,-0.11190878184368852,-1.5521304880426732,-0.05782316598377011,0.013600000000000279,89.54,93.48,1.9400879850308304,0,0,0,1,2,40.45428571428572,-2.844285714285718
2025-07-02 00:00:00,2025-06,1,3,1,3,39.6,1.990000000000002,16.64,0.47338490372572867,3.034308578183175,-0.04442263561262273,0.03530000000000033,89.8,91.37,1.6405752074329385,0,0,0,1,3,40.45428571428572,-0.8542857142857159
2025-07-03 00:00:00,2025-06,1,4,1,4,39.08,-0.5200000000000031,16.38,0.8304350113372305,0.7044771873855489,0.41658993202099426,0.06879999999999953,90.6,86.09,1.4976688358492407,0,0,0,1,4,40.45428571428572,-1.374285714285719
2025-07-07 00:00:00,2025-06,1,5,1,5,38.71,-0.36999999999999744,17.79,-0.789334941723412,-0.7459533637475297,0.3082299779248501,0.03370000000000051,96.3,88.53,1.467376523668382,0,0,0,1,5,40.45428571428572,-1.7442857142857164
2025-07-08 00:00:00,2025-06,1,6,1,6,37.77,-0.9399999999999977,16.81,-0.0716149522799676,0.722033398365262,0.036923834754568466,0.01980000000000004,91.31,88.05,1.480064465595485,0,0,0,1,6,40.45428571428572,-2.684285714285714
2025-07-09 00:00:00,2025-06,1,7,1,7,38.77,1.0,15.94,0.6043843334676842,1.8921314347041924,0.03998544173108925,-0.06720000000000059,91.76,84.31,1.5405271798511966,0,0,0,1,7,40.45428571428572,-1.6842857142857142
2025-07-10 00:00:00,2025-06,1,8,1,8,38.62,-0.15000000000000568,15.78,0.2742409872004345,2.5194035903754437,0.0993816901890583,0.01780000000000026,90.94,81.58,1.6804427615902184,0,0,0,1,8,40.45428571428572,-1.8342857142857198
2025-07-11 00:00:00,2025-06,1,9,1,9,37.94,-0.6799999999999997,16.4,-0.33029779929135955,3.5851757018017905,0.2056214120552139,0.059499999999999886,93.53,85.48,1.5257623137060539,0,0,0,1,9,40.45428571428572,-2.5142857142857196
2025-07-14 00:00:00,2025-06,1,10,1,10,39.64,1.7000000000000028,17.2,0.14064149836943984,0.8893151055219163,0.23273153501846056,0.02400000000000002,95.75,90.73,1.4184365124209903,0,1,0,1,10,40.45428571428572,-0.8142857142857167
2025-07-15 00:00:00,2025-06,1,11,1,11,39.93,0.28999999999999915,17.38,-0.39640981809521275,-3.17599674176307,0.543985235472894,0.04800000000000004,94.66,88.95,2.240454644527786,0,1,0,1,11,40.45428571428572,-0.5242857142857176
2025-07-16 00:00:00,2025-06,1,12,1,12,39.07,-0.8599999999999994,17.16,0.31884998062567843,2.9885468490682943,-0.227402030910895,-0.0259999999999998,95.56,89.52,2.252160191676746,0,1,0,1,12,40.45428571428572,-1.384285714285717
2025-07-17 00:00:00,2025-06,1,13,1,13,39.47,0.3999999999999986,16.52,0.5359433132147322,-0.411596959708162,0.346986539714662,-0.004000000000000448,92.9,85.57,2.3433994980061117,0,0,0,1,13,40.45428571428572,-0.9842857142857184
2025-07-18 00:00:00,2025-06,1,14,1,14,38.6,-0.8699999999999974,16.41,-0.009051821685285016,-1.6804264147315353,-0.2555574975156279,-0.035800000000000054,93.15,83.29,2.54389018606252,0,0,0,1,14,40.45428571428572,-1.8542857142857159
2025-07-07 00:00:00,2025-07,0,-14,0,0,38.71,-0.36999999999999744,17.79,-0.789334941723412,-0.7459533637475297,0.3082299779248501,0.03370000000000051,96.3,88.53,1.467376523668382,0,0,0,0,0,39.105714285714285,-0.39571428571428413
2025-07-08 00:00:00,2025-07,0,-13,0,0,37.77,-0.9399999999999977,16.81,-0.0716149522799676,0.722033398365262,0.036923834754568466,0.01980000000000004,91.31,88.05,1.480064465595485,0,0,0,0,0,39.105714285714285,-1.3357142857142819
2025-07-09 00:00:00,2025-07,0,-12,0,0,38.77,1.0,15.94,0.6043843334676842,1.8921314347041924,0.03998544173108925,-0.06720000000000059,91.76,84.31,1.5405271798511966,0,0,0,0,0,39.105714285714285,-0.33571428571428186
2025-07-10 00:00:00,2025-07,0,-11,0,0,38.62,-0.15000000000000568,15.78,0.2742409872004345,2.5194035903754437,0.0993816901890583,0.01780000000000026,90.94,81.58,1.6804427615902184,0,0,0,0,0,39.105714285714285,-0.48571428571428754
2025-07-11 00:00:00,2025-07,0,-10,0,0,37.94,-0.6799999999999997,16.4,-0.33029779929135955,3.5851757018017905,0.2056214120552139,0.059499999999999886,93.53,85.48,1.5257623137060539,0,0,0,0,0,39.105714285714285,-1.1657142857142873
2025-07-14 00:00:00,2025-07,0,-9,0,0,39.64,1.7000000000000028,17.2,0.14064149836943984,0.8893151055219163,0.23273153501846056,0.02400000000000002,95.75,90.73,1.4184365124209903,0,1,0,0,0,39.105714285714285,0.5342857142857156
2025-07-15 00:00:00,2025-07,0,-8,0,0,39.93,0.28999999999999915,17.38,-0.39640981809521275,-3.17599674176307,0.543985235472894,0.04800000000000004,94.66,88.95,2.240454644527786,0,1,0,0,0,39.105714285714285,0.8242857142857147
2025-07-16 00:00:00,2025-07,0,-7,0,0,39.07,-0.8599999999999994,17.16,0.31884998062567843,2.9885468490682943,-0.227402030910895,-0.0259999999999998,95.56,89.52,2.252160191676746,0,1,0,0,0,39.105714285714285,-0.0357142857142847
2025-07-17 00:00:00,2025-07,0,-6,0,0,39.47,0.3999999999999986,16.52,0.5359433132147322,-0.411596959708162,0.346986539714662,-0.004000000000000448,92.9,85.57,2.3433994980061117,0,0,0,0,0,39.105714285714285,0.3642857142857139
2025-07-18 00:00:00,2025-07,0,-5,0,0,38.6,-0.8699999999999974,16.41,-0.009051821685285016,-1.6804264147315353,-0.2555574975156279,-0.035800000000000054,93.15,83.29,2.54389018606252,0,0,0,0,0,39.105714285714285,-0.5057142857142836
2025-07-21 00:00:00,2025-07,0,-4,0,0,39.28,0.6799999999999997,16.65,0.13981477220053165,-0.9769983087561057,-0.6407437817794858,-0.037799999999999834,92.26,86.62,2.463011900693759,0,0,0,0,0,39.105714285714285,0.17428571428571615
2025-07-22 00:00:00,2025-07,0,-3,0,0,39.88,0.6000000000000014,16.5,0.06373254110623908,2.349638760982915,-0.47222807927361377,-0.03369999999999962,90.58,89.89,2.208988384082847,0,0,0,0,0,39.105714285714285,0.7742857142857176
2025-07-23 00:00:00,2025-07,0,-2,0,0,39.58,-0.30000000000000426,15.37,0.7781526146711811,-1.52316072593188,-0.18293377351099305,0.035800000000000054,88.04,85.95,2.2347038023871315,0,0,0,0,0,39.105714285714285,0.4742857142857133
2025-07-24 00:00:00,2025-07,0,-1,0,0,40.22,0.6400000000000006,15.39,0.0697989222081707,0.6916329286570825,0.16753091162880043,0.01589999999999936,89.75,82.75,1.8665075749121451,0,0,0,0,0,39.105714285714285,1.1142857142857139
2025-07-25 00:00:00,2025-07,0,0,1,0,40.06,-0.1599999999999966,14.93,0.3966444948063231,-1.4211418266379396,0.274840960199883,-0.007899999999999352,90.59,82.09,1.4733590242572834,0,0,0,0,0,39.105714285714285,0.9542857142857173
2025-07-28 00:00:00,2025-07,0,1,1,1,38.27,-1.7899999999999991,15.03,0.017686081491285848,-0.6431228654724863,1.007757702068266,0.021999999999999353,88.59,83.73,1.4756160326374566,0,0,0,0,0,39.105714285714285,-0.8357142857142819
2025-07-29 00:00:00,2025-07,0,2,1,2,35.18,-3.0900000000000034,15.98,-0.29638056808081925,-0.4763180874965198,0.25516417246696504,-0.08939999999999948,95.14,85.07,1.3761484242753286,1,0,1,0,0,39.105714285714285,-3.9257142857142853
2025-07-30 00:00:00,2025-07,0,3,1,3,36.13,0.9500000000000028,15.48,-0.12502200507663752,-0.2861529596124977,0.9350801144519012,0.049599999999999866,94.33,81.88,1.3426682311891585,1,0,1,0,0,39.105714285714285,-2.9757142857142824
2025-07-31 00:00:00,2025-07,0,4,1,4,36.73,0.5999999999999943,16.72,-0.37016989606789813,-0.5585656452247534,0.15316621525491436,0.0039999999999995595,98.37,79.84,0.7429836645891166,1,0,1,0,0,39.105714285714285,-2.375714285714288
2025-08-01 00:00:00,2025-07,0,5,1,5,38.42,1.6900000000000048,20.38,-1.6121328046944452,-2.2446679794412003,-0.8307055489593383,-0.15809999999999924,109.79,83.83,0.920780340283227,0,0,0,0,0,39.105714285714285,-0.6857142857142833
2025-08-04 00:00:00,2025-07,0,6,1,6,36.89,-1.5300000000000011,17.52,1.4629536175939908,0.3389252354263882,-0.36074309678238703,-0.023600000000000065,95.85,87.95,0.8374671066864338,0,0,0,0,0,39.105714285714285,-2.2157142857142844
2025-08-05 00:00:00,2025-07,0,7,1,7,36.01,-0.8800000000000026,17.85,-0.48697037352752537,-0.9924420515912703,-0.0020246398672602558,0.017699999999999605,97.65,89.2,0.795322393441522,0,0,0,0,0,39.105714285714285,-3.095714285714287
2025-08-06 00:00:00,2025-07,0,8,1,8,34.88,-1.1299999999999955,16.77,0.7255503683515384,1.224542046512187,-0.6143429879427189,0.015699999999999825,97.81,83.89,1.0783822195299628,0,0,0,0,0,39.105714285714285,-4.225714285714282
2025-08-07 00:00:00,2025-07,0,9,1,9,35.66,0.779999999999994,16.57,-0.0797788937281747,1.8523383482430167,0.22688320165586898,0.02430000000000021,97.37,80.15,1.3783756161200562,0,0,0,0,0,39.105714285714285,-3.4457142857142884
2025-08-08 00:00:00,2025-07,0,10,1,10,34.4,-1.259999999999998,15.15,0.7769424248422339,-0.27732914337870435,-0.22382754283012707,0.03289999999999971,93.14,79.2,1.3781758447015777,0,0,0,0,0,39.105714285714285,-4.705714285714286
2025-08-11 00:00:00,2025-07,0,11,1,11,36.56,2.1600000000000037,16.25,-0.2507268470623372,0.4164095596440508,0.34570446224306206,0.002000000000000668,97.09,81.76,1.3726427607478324,0,1,0,0,0,39.105714285714285,-2.5457142857142827
2025-08-12 00:00:00,2025-07,0,12,1,12,36.94,0.37999999999999545,14.73,1.128162608098863,1.1052951033442007,-0.4302788188384709,0.0038999999999997925,92.86,77.42,0.964425491937447,0,1,0,0,0,39.105714285714285,-2.1657142857142873
2025-08-13 00:00:00,2025-07,0,13,1,13,39.0,2.0600000000000023,14.49,0.3224824941586424,2.28250677485219,-0.262329368503548,-0.05620000000000047,98.17,77.31,1.1618443165464132,0,1,0,0,0,39.105714285714285,-0.10571428571428498
2025-08-14 00:00:00,2025-07,0,14,1,14,36.95,-2.049999999999997,14.83,0.030305092105848266,-4.147213471869813,0.4222471009917139,0.05230000000000068,98.04,76.77,2.158308458011835,0,0,0,0,0,39.105714285714285,-2.155714285714282
2025-08-11 00:00:00,2025-08,0,-14,0,0,36.56,2.1600000000000037,16.25,-0.2507268470623372,0.4164095596440508,0.34570446224306206,0.002000000000000668,97.09,81.76,1.3726427607478324,0,1,0,0,0,36.87071428571429,-0.3107142857142904
2025-08-12 00:00:00,2025-08,0,-13,0,0,36.94,0.37999999999999545,14.73,1.128162608098863,1.1052951033442007,-0.4302788188384709,0.0038999999999997925,92.86,77.42,0.964425491937447,0,1,0,0,0,36.87071428571429,0.06928571428570507
2025-08-13 00:00:00,2025-08,0,-12,0,0,39.0,2.0600000000000023,14.49,0.3224824941586424,2.28250677485219,-0.262329368503548,-0.05620000000000047,98.17,77.31,1.1618443165464132,0,1,0,0,0,36.87071428571429,2.1292857142857073
2025-08-14 00:00:00,2025-08,0,-11,0,0,36.95,-2.049999999999997,14.83,0.030305092105848266,-4.147213471869813,0.4222471009917139,0.05230000000000068,98.04,76.77,2.158308458011835,0,0,0,0,0,36.87071428571429,0.07928571428571018
2025-08-15 00:00:00,2025-08,0,-10,0,0,35.37,-1.5800000000000054,15.09,-0.29013035955741406,-0.498292925240345,-0.4099829307496534,0.03109999999999946,97.85,76.66,2.1402394868755006,0,0,0,0,0,36.87071428571429,-1.5007142857142952
2025-08-18 00:00:00,2025-08,0,-9,0,0,35.99,0.6200000000000045,14.99,-0.010078339718365876,-1.040634955179096,0.32139769221678416,0.01750000000000007,96.63,81.82,2.022636985530848,0,0,0,0,0,36.87071428571429,-0.8807142857142907
2025-08-19 00:00:00,2025-08,0,-8,0,0,37.87,1.8799999999999955,15.57,-0.5875362532781213,-2.5393932051180186,0.09978008484439911,-0.027300000000000324,102.09,82.15,2.1905646265299903,0,0,0,0,0,36.87071428571429,0.9992857142857048
2025-08-20 00:00:00,2025-08,0,-7,0,0,36.02,-1.8499999999999943,15.69,-0.2434578762704586,0.7311494634254664,-0.0478412899807464,-0.015499999999999403,98.6,80.75,2.2187106552979112,0,0,0,0,0,36.87071428571429,-0.8507142857142895
2025-08-21 00:00:00,2025-08,0,-6,0,0,37.25,1.2299999999999969,16.6,-0.40122410562429417,-1.7338460875862716,0.40744428613803646,0.03699999999999992,99.99,80.52,2.1149422255140466,0,0,0,0,0,36.87071428571429,0.37928571428570734
2025-08-22 00:00:00,2025-08,0,-5,0,0,34.53,-2.719999999999999,14.22,1.5072248733123568,4.028813946990185,-0.9198628540527611,-0.07399999999999984,89.78,78.1,2.6105320857713665,0,0,0,0,0,36.87071428571429,-2.3407142857142915
2025-08-25 00:00:00,2025-08,0,-4,0,0,37.93,3.3999999999999986,14.79,-0.4275461080076716,-2.877307199443504,0.7280323368125544,0.021399999999999864,92.3,77.56,2.3673089480105207,0,0,0,0,0,36.87071428571429,1.059285714285707
2025-08-26 00:00:00,2025-08,0,-3,0,0,36.92,-1.009999999999998,14.62,0.41254554739158683,1.6128445947900312,-0.20848701965966304,-0.013600000000000279,91.65,79.36,2.5070365112340167,0,0,0,0,0,36.87071428571429,0.04928571428570905
2025-08-27 00:00:00,2025-08,0,-2,0,0,37.91,0.9899999999999949,14.85,0.23881364585491513,0.9522889009953954,0.007126241368808821,-0.02719999999999967,94.93,77.66,2.516721659595468,0,0,1,0,0,36.87071428571429,1.039285714285704
2025-08-28 00:00:00,2025-08,0,-1,0,0,36.95,-0.9599999999999937,14.43,0.3151753401949776,-0.4434221103263155,-0.42745353157181865,-0.031000000000000583,92.03,77.55,2.273738422823679,0,0,1,0,0,36.87071428571429,0.07928571428571018
2025-08-29 00:00:00,2025-08,0,0,1,0,38.98,2.029999999999994,15.36,-0.6418725150929159,-3.7544092019300574,-0.04294829908949636,0.025100000000000122,97.17,79.39,2.7268993825577073,0,0,1,0,0,36.87071428571429,2.109285714285704
2025-09-02 00:00:00,2025-08,0,1,1,1,38.8,-0.17999999999999972,17.17,-0.6946392429262097,2.3164245581174154,0.6382306236968831,0.03300000000000036,103.88,85.28,2.8046164374875984,0,0,0,0,0,36.87071428571429,1.9292857142857045
2025-09-03 00:00:00,2025-08,0,2,1,2,38.85,0.05000000000000426,16.35,0.5087154738688097,0.7503425078619108,-0.2594906284123598,-0.04459999999999997,99.62,89.67,2.298931075506783,0,0,0,0,0,36.87071428571429,1.9792857142857088
2025-09-04 00:00:00,2025-08,0,3,1,3,38.48,-0.37000000000000455,15.3,0.8311798740472436,-1.6677118120726881,0.20866315608644992,-0.05609999999999982,95.28,88.26,2.1016911585406035,0,0,0,0,0,36.87071428571429,1.6092857142857042
2025-09-05 00:00:00,2025-08,0,4,1,4,37.49,-0.9899999999999949,15.18,-0.3170160654550948,1.1146177355074272,-0.5904715929608715,-0.08650000000000002,93.06,85.29,2.044301787601695,0,0,0,0,0,36.87071428571429,0.6192857142857093
2025-09-08 00:00:00,2025-08,0,5,1,5,37.08,-0.4100000000000037,15.11,0.21037794861457856,0.5822977134147198,-0.32168533339115,-0.03440000000000065,92.29,84.0,2.0170238738930597,0,0,0,0,0,36.87071428571429,0.20928571428570564
2025-09-09 00:00:00,2025-08,0,6,1,6,37.36,0.28000000000000114,15.04,0.26845529877440577,-0.41941085260206007,0.34213983242950335,0.04770000000000074,93.16,82.2,2.016476751634203,0,0,0,0,0,36.87071428571429,0.4892857142857068
2025-09-10 00:00:00,2025-08,0,7,1,7,36.95,-0.4099999999999966,15.35,0.29790012563325724,1.8664764479699076,-0.00818129755835116,-0.04210000000000047,100.53,79.58,1.354174305797691,0,1,0,0,0,36.87071428571429,0.07928571428571018
2025-09-11 00:00:00,2025-08,0,8,1,8,35.26,-1.6900000000000048,14.71,0.8450060989231583,0.709681806802036,-0.2549780963731423,-0.024799999999999933,96.32,75.07,1.1443571273628834,0,1,0,0,0,36.87071428571429,-1.6107142857142946
2025-09-12 00:00:00,2025-08,0,9,1,9,34.66,-0.6000000000000014,14.76,-0.04828512001105187,1.5842829209670446,0.019479088235211293,0.043700000000000294,96.78,73.37,1.2251040870269634,0,1,0,0,0,36.87071428571429,-2.210714285714296
2025-09-15 00:00:00,2025-08,0,10,1,10,35.56,0.9000000000000057,15.69,0.4695616136136634,-0.3855401580896559,-0.2545523103827836,-0.0268000000000006,99.55,76.88,0.8903780940151114,0,0,0,0,0,36.87071428571429,-1.3107142857142904
2025-09-16 00:00:00,2025-08,0,11,1,11,36.52,0.9600000000000009,16.36,-0.12887574351968892,1.2780064159946358,-0.6899246177074625,-0.009599999999999831,104.1,77.09,0.9044237655069308,1,0,0,0,0,36.87071428571429,-0.35071428571428953
2025-09-17 00:00:00,2025-08,0,12,1,12,35.55,-0.970000000000006,15.72,-0.09706893488903998,-1.0647253089383402,0.2480544510888659,0.05930000000000035,96.17,75.95,1.1379349071725156,1,0,0,0,0,36.87071428571429,-1.3207142857142955
2025-09-18 00:00:00,2025-08,0,13,1,13,33.81,-1.7399999999999949,15.7,0.47777085223636995,1.649261539297976,0.48913448807385085,0.017199999999999882,97.28,71.91,1.124934815934426,1,0,0,0,0,36.87071428571429,-3.0607142857142904
2025-09-19 00:00:00,2025-08,0,14,1,14,34.78,0.9699999999999989,15.45,0.487353856235327,-1.8802203491239056,0.30360243226756906,0.022999999999999687,96.9,72.51,1.3948578801763079,0,0,0,0,0,36.87071428571429,-2.0907142857142915
2025-09-08 00:00:00,2025-09,1,-14,0,0,37.08,-0.4100000000000037,15.11,0.21037794861457856,0.5822977134147198,-0.32168533339115,-0.03440000000000065,92.29,84.0,2.0170238738930597,0,0,0,0,0,35.97857142857143,1.1014285714285705
2025-09-09 00:00:00,2025-09,1,-13,0,0,37.36,0.28000000000000114,15.04,0.26845529877440577,-0.41941085260206007,0.34213983242950335,0.04770000000000074,93.16,82.2,2.016476751634203,0,0,0,0,0,35.97857142857143,1.3814285714285717
2025-09-10 00:00:00,2025-09,1,-12,0,0,36.95,-0.4099999999999966,15.35,0.29790012563325724,1.8664764479699076,-0.00818129755835116,-0.04210000000000047,100.53,79.58,1.354174305797691,0,1,0,0,0,35.97857142857143,0.9714285714285751
2025-09-11 00:00:00,2025-09,1,-11,0,0,35.26,-1.6900000000000048,14.71,0.8450060989231583,0.709681806802036,-0.2549780963731423,-0.024799999999999933,96.32,75.07,1.1443571273628834,0,1,0,0,0,35.97857142857143,-0.7185714285714297
2025-09-12 00:00:00,2025-09,1,-10,0,0,34.66,-0.6000000000000014,14.76,-0.04828512001105187,1.5842829209670446,0.019479088235211293,0.043700000000000294,96.78,73.37,1.2251040870269634,0,1,0,0,0,35.97857142857143,-1.3185714285714312
2025-09-15 00:00:00,2025-09,1,-9,0,0,35.56,0.9000000000000057,15.69,0.4695616136136634,-0.3855401580896559,-0.2545523103827836,-0.0268000000000006,99.55,76.88,0.8903780940151114,0,0,0,0,0,35.97857142857143,-0.4185714285714255
2025-09-16 00:00:00,2025-09,1,-8,0,0,36.52,0.9600000000000009,16.36,-0.12887574351968892,1.2780064159946358,-0.6899246177074625,-0.009599999999999831,104.1,77.09,0.9044237655069308,1,0,0,0,0,35.97857142857143,0.5414285714285754
2025-09-17 00:00:00,2025-09,1,-7,0,0,35.55,-0.970000000000006,15.72,-0.09706893488903998,-1.0647253089383402,0.2480544510888659,0.05930000000000035,96.17,75.95,1.1379349071725156,1,0,0,0,0,35.97857142857143,-0.4285714285714306
2025-09-18 00:00:00,2025-09,1,-6,0,0,33.81,-1.7399999999999949,15.7,0.47777085223636995,1.649261539297976,0.48913448807385085,0.017199999999999882,97.28,71.91,1.124934815934426,1,0,0,0,0,35.97857142857143,-2.1685714285714255
2025-09-19 00:00:00,2025-09,1,-5,0,0,34.78,0.9699999999999989,15.45,0.487353856235327,-1.8802203491239056,0.30360243226756906,0.022999999999999687,96.9,72.51,1.3948578801763079,0,0,0,0,0,35.97857142857143,-1.1985714285714266
2025-09-22 00:00:00,2025-09,1,-4,0,0,35.17,0.39000000000000057,16.1,0.4400330199851501,-2.2397824830341,-0.3107933881027844,0.019300000000000317,99.75,75.8,1.6601870198099107,0,0,0,0,0,35.97857142857143,-0.808571428571426
2025-09-23 00:00:00,2025-09,1,-3,0,0,37.14,1.9699999999999989,16.64,-0.5517340092831724,-0.7400862146528727,-0.07913466151260465,-0.040600000000000414,101.23,75.66,1.4776212709110896,0,0,0,0,0,35.97857142857143,1.1614285714285728
2025-09-24 00:00:00,2025-09,1,-2,0,0,36.17,-0.9699999999999989,16.18,-0.2850721267084144,1.3774867133285325,0.6241788868488168,0.04050000000000065,99.99,75.13,1.6385518747799894,0,0,1,0,0,35.97857142857143,0.19142857142857395
2025-09-25 00:00:00,2025-09,1,-1,0,0,37.69,1.519999999999996,16.74,-0.5021648905465265,-3.9241630681847077,0.6923754660848755,0.02320000000000011,100.34,75.44,1.9832985065480464,0,0,1,0,0,35.97857142857143,1.71142857142857
2025-09-26 00:00:00,2025-09,1,0,1,0,36.55,-1.1400000000000006,15.29,0.5884492261081979,0.14696987933344363,-0.40771770468217977,0.005700000000000038,93.4,74.38,2.026528259292009,0,0,1,1,0,35.97857142857143,0.5714285714285694
2025-09-29 00:00:00,2025-09,1,1,1,1,36.39,-0.1599999999999966,16.12,0.26321125222386277,3.086627204400354,-0.25094628028110033,-0.03680000000000039,96.74,75.51,2.3613933028048937,0,0,0,1,1,35.97857142857143,0.4114285714285728
2025-09-30 00:00:00,2025-09,1,2,1,2,36.61,0.21999999999999886,16.28,0.408250358961618,0.277939760804727,-0.13389140444929093,0.01159999999999961,95.89,77.93,2.3060413372345403,0,0,0,1,2,35.97857142857143,0.6314285714285717
2025-10-01 00:00:00,2025-09,1,3,1,3,37.12,0.509999999999998,16.29,0.3394119228470274,2.5419793078363484,-0.07059509913046146,-0.052200000000000024,93.22,73.5,2.3394610926074257,0,0,0,1,3,35.97857142857143,1.1414285714285697
2025-10-02 00:00:00,2025-09,1,4,1,4,37.39,0.2700000000000031,16.63,0.0618178181611686,2.6179013362924537,0.14318444599773134,-0.015399999999999636,94.1,71.21,2.411043612228283,0,0,0,1,4,35.97857142857143,1.4114285714285728
2025-10-03 00:00:00,2025-09,1,5,1,5,38.03,0.6400000000000006,16.65,0.00655193825925374,1.5078999639438557,-0.1257868232878262,0.0365000000000002,94.79,69.53,2.4160724759363923,0,0,0,1,5,35.97857142857143,2.0514285714285734
2025-10-06 00:00:00,2025-09,1,6,1,6,39.26,1.2299999999999969,16.37,0.36399969738822846,2.012918017395478,0.39319668083179266,0.03279999999999994,95.38,72.99,1.156934511742192,0,0,0,1,6,35.97857142857143,3.2814285714285703
2025-10-07 00:00:00,2025-09,1,7,1,7,39.28,0.020000000000003126,17.24,-0.3818696311234345,-2.625807153858769,0.47792002948447027,-0.028999999999999915,98.7,75.43,1.9775775432831713,0,0,0,1,7,35.97857142857143,3.3014285714285734
2025-10-08 00:00:00,2025-09,1,8,1,8,39.44,0.1599999999999966,16.3,0.5810693412793402,0.7259603881536968,0.34127824995203937,-0.00590000000000046,96.22,74.87,1.8267330875425576,0,0,0,1,8,35.97857142857143,3.46142857142857
2025-10-09 00:00:00,2025-09,1,9,1,9,39.73,0.28999999999999915,16.43,-0.27593218696984717,-1.4159585457360637,0.6278585323341429,0.021300000000000097,97.25,74.12,2.0394346438302464,0,0,0,1,9,35.97857142857143,3.751428571428569
2025-10-10 00:00:00,2025-09,1,10,1,10,44.11,4.380000000000003,21.66,-2.748595997057204,-5.805119310926328,-0.5641877586045815,-0.1062000000000003,116.25,81.65,3.0286061766286676,0,0,0,1,10,35.97857142857143,8.131428571428572
2025-10-13 00:00:00,2025-09,1,11,1,11,43.38,-0.7299999999999969,19.03,1.5478194983781826,0.6880036176877385,0.2935733796722371,0.0,106.45,,2.783230005373896,0,0,0,1,11,35.97857142857143,7.401428571428575
2025-10-14 00:00:00,2025-09,1,12,1,12,45.01,1.6299999999999955,20.81,-0.1565528031162684,-2.4151584214652932,-0.22388520616641022,-9.999999999976694e-05,113.19,79.95,2.656218146377131,0,0,0,1,12,35.97857142857143,9.03142857142857
2025-10-15 00:00:00,2025-09,1,13,1,13,45.25,0.240000000000002,20.64,0.40179185387894356,-1.6748333452275337,-0.25677329110104313,-0.0038999999999997925,117.3,75.11,2.2298842095391147,0,0,0,1,13,35.97857142857143,9.271428571428572
2025-10-16 00:00:00,2025-09,1,14,1,14,47.78,2.530000000000001,25.31,-0.6314244975138833,-3.004562836071885,-0.463656609332478,-0.05370000000000008,134.25,81.23,2.2579918832031574,0,0,0,1,14,35.97857142857143,11.801428571428573
2025-10-13 00:00:00,2025-10,0,-14,0,0,43.38,-0.7299999999999969,19.03,1.5478194983781826,0.6880036176877385,0.2935733796722371,0.0,106.45,,2.783230005373896,0,0,0,0,0,45.74571428571429,-2.36571428571429
2025-10-14 00:00:00,2025-10,0,-13,0,0,45.01,1.6299999999999955,20.81,-0.1565528031162684,-2.4151584214652932,-0.22388520616641022,-9.999999999976694e-05,113.19,79.95,2.656218146377131,0,0,0,0,0,45.74571428571429,-0.7357142857142946
2025-10-15 00:00:00,2025-10,0,-12,0,0,45.25,0.240000000000002,20.64,0.40179185387894356,-1.6748333452275337,-0.25677329110104313,-0.0038999999999997925,117.3,75.11,2.2298842095391147,0,0,0,0,0,45.74571428571429,-0.49571428571429266
2025-10-16 00:00:00,2025-10,0,-11,0,0,47.78,2.530000000000001,25.31,-0.6314244975138833,-3.004562836071885,-0.463656609332478,-0.05370000000000008,134.25,81.23,2.2579918832031574,0,0,0,0,0,45.74571428571429,2.0342857142857085
2025-10-17 00:00:00,2025-10,0,-10,0,0,50.0,2.219999999999999,20.78,0.5256882598063333,-0.7795891267574916,0.09859277412340682,0.0343,115.63,78.62,2.0329924742668477,0,0,0,0,0,45.74571428571429,4.254285714285707
2025-10-20 00:00:00,2025-10,0,-9,0,0,45.95,-4.049999999999997,18.23,1.0615706365319901,2.018737126517946,0.15531500084407499,-0.028799999999999937,103.18,77.22,2.56000680685145,0,0,0,0,0,45.74571428571429,0.20428571428571018
2025-10-21 00:00:00,2025-10,0,-8,0,0,49.27,3.3200000000000003,17.87,0.0032664017914663564,-0.24379881799288472,0.3523697449137194,-0.017300000000000093,103.36,77.18,1.7653274205926466,0,0,0,0,0,45.74571428571429,3.5242857142857105
2025-10-22 00:00:00,2025-10,0,-7,0,0,50.7,1.4299999999999997,18.6,-0.5351805698817079,-2.8996183378997666,-0.03740566486688887,-0.013399999999999856,104.87,75.49,1.7910580571060424,0,0,0,0,0,45.74571428571429,4.95428571428571
2025-10-23 00:00:00,2025-10,0,-6,0,0,45.13,-5.57,17.3,0.5810473980595434,1.7292344518684655,0.03942719415386209,0.051599999999999646,98.6,74.05,2.025113150437141,0,1,0,0,0,45.74571428571429,-0.6157142857142901
2025-10-24 00:00:00,2025-10,0,-5,0,0,42.84,-2.289999999999999,16.37,0.787136190706858,1.2233205366174815,0.01617076329525789,-0.00019999999999953388,98.03,68.94,2.0863736011015557,0,1,0,0,0,45.74571428571429,-2.9057142857142892
2025-10-27 00:00:00,2025-10,0,-4,0,0,42.82,-0.020000000000003126,15.79,1.221510997336481,0.9970160765297051,-0.1709358901056461,-0.02120000000000033,97.4,66.87,1.7336608946797867,0,0,0,0,0,45.74571428571429,-2.9257142857142924
2025-10-28 00:00:00,2025-10,0,-3,0,0,42.39,-0.4299999999999997,16.42,0.22853333884670068,-1.4406726058642403,-0.11749811430297769,-0.0038999999999997925,101.51,67.3,1.8177433144097306,1,0,0,0,0,45.74571428571429,-3.355714285714292
2025-10-29 00:00:00,2025-10,0,-2,0,0,45.07,2.6799999999999997,16.92,-0.004353668837415341,-1.231492030652201,0.5589062844280513,0.1001000000000003,103.57,65.75,1.685364081572126,1,0,0,0,0,45.74571428571429,-0.6757142857142924
2025-10-30 00:00:00,2025-10,0,-1,0,0,44.85,-0.21999999999999886,16.91,-0.995419119768763,-3.60158533556015,0.3079309689701711,0.021300000000000097,102.84,66.88,2.1037199450984083,1,0,0,0,0,45.74571428571429,-0.8957142857142912
2025-10-31 00:00:00,2025-10,0,0,1,0,43.31,-1.5399999999999991,17.44,0.261444946156001,1.7694929566773872,0.27893461119462554,-0.01950000000000074,104.46,66.61,2.0466022503724015,0,0,0,0,0,45.74571428571429,-2.4357142857142904
2025-11-03 00:00:00,2025-10,0,1,1,1,45.73,2.4199999999999946,17.17,0.1719231195508654,-2.8826305539199537,0.06911161800952208,0.032900000000000595,101.43,67.23,2.1087683719724346,0,0,0,0,0,45.74571428571429,-0.015714285714295784
2025-11-04 00:00:00,2025-10,0,2,1,2,47.79,2.0600000000000023,19.0,-1.1806190194192139,-6.375965381465129,0.35083020736372855,-0.02519999999999989,104.44,68.02,2.779994764955154,0,0,0,0,0,45.74571428571429,2.0442857142857065
2025-11-05 00:00:00,2025-10,0,3,1,3,46.55,-1.240000000000002,18.01,0.3646863084965278,3.3287020696817176,-0.01995729146266576,0.07389999999999919,100.77,72.42,3.2706857402679033,0,0,0,0,0,45.74571428571429,0.8042857142857045
2025-11-06 00:00:00,2025-10,0,4,1,4,46.94,0.39000000000000057,19.5,-1.124110261042268,-2.519047080791197,-0.4711492833018728,-0.07599999999999962,105.71,72.44,3.2932610408332037,0,0,0,0,0,45.74571428571429,1.194285714285705
2025-11-07 00:00:00,2025-10,0,5,1,5,44.61,-2.3299999999999983,19.08,0.12610492171643028,2.6912808308896716,-0.1304330561770254,0.013499999999999623,103.6,74.41,3.685663034809124,0,0,0,0,0,45.74571428571429,-1.1357142857142932
2025-11-10 00:00:00,2025-10,0,6,1,6,44.3,-0.3100000000000023,17.6,1.5283571949665773,1.0390447799547078,-0.014056789452433799,0.019400000000000084,98.91,78.86,3.573037604116488,0,0,0,0,0,45.74571428571429,-1.4457142857142955
2025-11-11 00:00:00,2025-10,0,7,1,7,46.61,2.3100000000000023,17.28,0.20732456487022852,-2.87958954859661,-0.14671010308629875,0.0,99.6,,3.5297653507396034,0,0,0,0,0,45.74571428571429,0.8642857142857068
2025-11-12 00:00:00,2025-10,0,8,1,8,46.07,-0.5399999999999991,17.51,0.06293105606983312,-0.6903572258513216,0.05227759521487767,-0.04669999999999952,103.47,81.12,3.4398438672658553,0,0,0,0,0,45.74571428571429,0.3242857142857076
2025-11-13 00:00:00,2025-10,0,9,1,9,46.52,0.45000000000000284,20.0,-1.6695497821198804,-3.1334618993508707,-0.3413024138581345,0.049900000000000055,111.25,79.1,2.6977473070390086,0,0,0,0,0,45.74571428571429,0.7742857142857105
2025-11-14 00:00:00,2025-10,0,10,1,10,49.71,3.1899999999999977,19.83,-0.05017963821556283,-3.902939680214543,0.1441132999917293,0.02909999999999968,107.95,79.71,2.445360773636631,0,0,0,0,0,45.74571428571429,3.964285714285708
2025-11-17 00:00:00,2025-10,0,11,1,11,50.62,0.9099999999999966,22.38,-0.9204541614054106,-1.7321292586272135,0.2906174897346076,-0.009699999999999598,117.86,82.58,2.399905366589727,0,0,0,0,0,45.74571428571429,4.874285714285705
2025-11-18 00:00:00,2025-10,0,12,1,12,50.52,-0.09999999999999432,24.69,-0.8290659863030455,0.6792120010938554,-0.038164489410586595,-0.02519999999999989,124.32,83.18,1.9256444046757328,0,0,0,0,0,45.74571428571429,4.7742857142857105
2025-11-19 00:00:00,2025-10,0,13,1,13,51.04,0.519999999999996,23.66,0.37467576494783256,-2.1274126789045567,0.6787560221926487,0.023299999999999876,119.57,84.32,1.562819144287365,0,0,0,0,0,45.74571428571429,5.2942857142857065
2025-11-20 00:00:00,2025-10,0,14,1,14,54.65,3.6099999999999994,26.42,-1.5689666748388538,-3.7155032325119324,-0.06986516308257396,-0.052200000000000024,128.65,77.81,1.67206569432682,0,0,0,0,0,45.74571428571429,8.904285714285706
2025-11-07 00:00:00,2025-11,0,-14,0,0,44.61,-2.3299999999999983,19.08,0.12610492171643028,2.6912808308896716,-0.1304330561770254,0.013499999999999623,103.6,74.41,3.685663034809124,0,0,0,0,0,49.84428571428572,-5.234285714285718
2025-11-10 00:00:00,2025-11,0,-13,0,0,44.3,-0.3100000000000023,17.6,1.5283571949665773,1.0390447799547078,-0.014056789452433799,0.019400000000000084,98.91,78.86,3.573037604116488,0,0,0,0,0,49.84428571428572,-5.544285714285721
2025-11-11 00:00:00,2025-11,0,-12,0,0,46.61,2.3100000000000023,17.28,0.20732456487022852,-2.87958954859661,-0.14671010308629875,0.0,99.6,,3.5297653507396034,0,0,0,0,0,49.84428571428572,-3.2342857142857184
2025-11-12 00:00:00,2025-11,0,-11,0,0,46.07,-0.5399999999999991,17.51,0.06293105606983312,-0.6903572258513216,0.05227759521487767,-0.04669999999999952,103.47,81.12,3.4398438672658553,0,0,0,0,0,49.84428571428572,-3.7742857142857176
2025-11-13 00:00:00,2025-11,0,-10,0,0,46.52,0.45000000000000284,20.0,-1.6695497821198804,-3.1334618993508707,-0.3413024138581345,0.049900000000000055,111.25,79.1,2.6977473070390086,0,0,0,0,0,49.84428571428572,-3.3242857142857147
2025-11-14 00:00:00,2025-11,0,-9,0,0,49.71,3.1899999999999977,19.83,-0.05017963821556283,-3.902939680214543,0.1441132999917293,0.02909999999999968,107.95,79.71,2.445360773636631,0,0,0,0,0,49.84428571428572,-0.134285714285717
2025-11-17 00:00:00,2025-11,0,-8,0,0,50.62,0.9099999999999966,22.38,-0.9204541614054106,-1.7321292586272135,0.2906174897346076,-0.009699999999999598,117.86,82.58,2.399905366589727,0,0,0,0,0,49.84428571428572,0.7757142857142796
2025-11-18 00:00:00,2025-11,0,-7,0,0,50.52,-0.09999999999999432,24.69,-0.8290659863030455,0.6792120010938554,-0.038164489410586595,-0.02519999999999989,124.32,83.18,1.9256444046757328,0,0,0,0,0,49.84428571428572,0.6757142857142853
2025-11-19 00:00:00,2025-11,0,-6,0,0,51.04,0.519999999999996,23.66,0.37467576494783256,-2.1274126789045567,0.6787560221926487,0.023299999999999876,119.57,84.32,1.562819144287365,0,0,0,0,0,49.84428571428572,1.1957142857142813
2025-11-20 00:00:00,2025-11,0,-5,0,0,54.65,3.6099999999999994,26.42,-1.5689666748388538,-3.7155032325119324,-0.06986516308257396,-0.052200000000000024,128.65,77.81,1.67206569432682,0,0,0,0,0,49.84428571428572,4.805714285714281
2025-11-21 00:00:00,2025-11,0,-4,0,0,57.38,2.730000000000004,23.43,0.9775031702356705,-2.4163269174700095,0.021962882816470963,-0.02120000000000033,118.34,78.81,1.5545844723483437,0,0,0,0,0,49.84428571428572,7.535714285714285
2025-11-24 00:00:00,2025-11,0,-3,0,0,53.31,-4.07,20.52,1.5348836917048727,0.9026269653080738,-0.03793891879655176,-0.03849999999999998,103.96,76.82,1.9158134343495843,0,0,0,0,0,49.84428571428572,3.4657142857142844
2025-11-25 00:00:00,2025-11,0,-2,0,0,52.56,-0.75,18.56,0.9020920798512149,-2.004368731079159,-0.478465022971564,-0.028799999999999937,96.85,72.82,1.6817922170461916,0,0,0,0,0,49.84428571428572,2.7157142857142844
2025-11-26 00:00:00,2025-11,0,-1,0,0,49.92,-2.6400000000000006,17.19,0.6882972184269537,3.597692118197164,-0.0692565984552516,-0.0019000000000000128,92.17,71.9,2.5401403586247584,0,0,0,0,0,49.84428571428572,0.07571428571428385
2025-11-28 00:00:00,2025-11,0,0,1,0,48.7,-1.2199999999999989,16.35,0.5340490085903757,-0.544116693179221,-0.0773888829799433,0.01910000000000034,90.34,68.95,2.468394262248789,0,0,0,0,0,49.84428571428572,-1.144285714285715
2025-12-01 00:00:00,2025-11,0,1,1,1,53.13,4.43,17.24,-0.5337554357799105,-5.327540203562187,-0.045255012764940976,0.0732999999999997,93.76,71.35,2.977265066750953,0,0,0,0,0,49.84428571428572,3.2857142857142847
2025-12-02 00:00:00,2025-11,0,2,1,2,49.24,-3.8900000000000006,16.59,0.24541868350872,5.802530878434111,-0.05735243225864764,0.0,91.71,69.91,3.785110087508587,0,0,0,0,0,49.84428571428572,-0.6042857142857159
2025-12-03 00:00:00,2025-11,0,3,1,3,47.44,-1.8000000000000043,16.08,0.29753463150951037,2.2786928351427806,-0.5075410343160351,-0.02320000000000011,92.39,66.46,3.700293768746181,0,0,0,0,0,49.84428571428572,-2.40428571428572
2025-12-04 00:00:00,2025-11,0,4,1,4,48.03,0.5900000000000034,15.78,0.10797529874062967,-1.664399333711504,0.1364718700713633,0.03479999999999972,91.28,65.69,3.799525294609746,0,0,0,0,0,49.84428571428572,-1.8142857142857167
2025-12-05 00:00:00,2025-11,0,5,1,5,48.94,0.9099999999999966,15.41,0.19348001886360358,-3.277020455524409,0.00303059384509433,0.03700000000000081,90.65,67.28,3.9557117614618105,0,0,0,0,0,49.84428571428572,-0.9042857142857201
2025-12-08 00:00:00,2025-11,0,6,1,6,49.01,0.07000000000000028,16.66,-0.34832953129334493,1.2095922967829107,0.09592133167477178,0.02919999999999945,97.35,72.3,3.7009394147257977,0,0,0,0,0,49.84428571428572,-0.8342857142857198
2025-12-09 00:00:00,2025-11,0,7,1,7,46.44,-2.5700000000000003,16.93,-0.08767431309868112,1.449296870513438,0.13413547675219,0.0235000000000003,98.14,75.38,3.7480092772664166,1,0,0,0,0,49.84428571428572,-3.40428571428572
2025-12-10 00:00:00,2025-11,0,8,1,8,44.92,-1.519999999999996,15.77,0.6726820871526018,-0.2909198832409407,-0.438371256438984,-0.04100000000000037,99.11,68.62,2.935002865326833,1,0,0,0,0,49.84428571428572,-4.924285714285716
2025-12-11 00:00:00,2025-11,0,9,1,9,44.46,-0.46000000000000085,14.85,0.20772175085341246,0.5280198035044906,-0.44640213732348627,0.009800000000000253,95.41,69.24,1.9416818503446152,1,0,0,0,0,49.84428571428572,-5.384285714285717
2025-12-12 00:00:00,2025-11,0,10,1,10,44.22,-0.240000000000002,15.74,-1.0720936344245895,-2.9334432284288123,0.05387684696640953,0.027499999999999858,97.33,69.25,1.9364864827312864,0,0,0,0,0,49.84428571428572,-5.624285714285719
2025-12-15 00:00:00,2025-11,0,11,1,11,46.68,2.460000000000001,16.5,-0.15977816227138872,-2.587829769174001,-0.09150619830412374,-0.011800000000000033,100.37,73.31,2.0408775476021224,0,0,0,0,0,49.84428571428572,-3.164285714285718
2025-12-16 00:00:00,2025-11,0,12,1,12,45.69,-0.990000000000002,16.48,-0.23867639262764775,1.7758095995320304,-0.16594134779341757,-0.027300000000000324,98.36,67.14,1.926974286256276,0,0,0,0,0,49.84428571428572,-4.15428571428572
2025-12-17 00:00:00,2025-11,0,13,1,13,47.0,1.3100000000000023,17.62,-1.1659917229324452,-2.072894077530395,0.22593819721639474,0.007800000000000473,99.89,62.74,1.948385153233768,0,0,0,0,0,49.84428571428572,-2.844285714285718
2025-12-18 00:00:00,2025-11,0,14,1,14,47.48,0.4799999999999969,16.87,0.7903012268159713,-0.4265575696292891,0.05996087478615305,-0.03110000000000035,92.61,60.01,1.738843921764455,0,0,0,0,0,49.84428571428572,-2.364285714285721
